名前: U020 Forecast Check Report,,,,,,,,,,,,,,,,,,,,,,,,,,,,,,,,,,,,,,,,,,,,,,,,,,,,,,,,,,,,,,,,,,,,,,,
日付/時間: 2023/09/01 0:00:00,,,,,,,,,,,,,,,,,,,,,,,,,,,,,,,,,,,,,,,,,,,,,,,,,,,,,,,,,,,,,,,,,,,,,,,
,,,,,,,,,,,,,,,,,,,,,,,,,,,,,,,,,,,,,,,,,,,,,,,,,,,,,,,,,,,,,,,,,,,,,,,
拠点名,品番,品名,需要ストリーム,最重点管理品目,Strategic Product,ライフサイクル,Frequency,傾向性ランク,foo,FOB価格,安全在庫,6ヶ月平均出荷実績,予測手法（EN）,出荷実績　(N-12),出荷実績　(N-11),出荷実績　(N-10),出荷実績　(N-09),出荷実績　(N-08),出荷実績　(N-07),出荷実績　(N-06),出荷実績　(N-05),出荷実績　(N-04),出荷実績　(N-03),出荷実績　(N-02),出荷実績　(N-01),FOB価格x前月出荷数量,12ヶ月平均出荷実績,予測数量(N),予測数量(N+1),予測数量(N+2),予測数量(N+3),予測数量(N+4),予測数量(N+5),予測数量(N+6),予測数量(N+7),予測数量(N+8),予測数量(N+9),予測数量(N+10),予測数量(N+11),Foo,Bar,標準偏差,平均,実績期間,実績率エラー,将来日付を含む受注残,RMSE,MAPE,MAD,計算された安全在庫,在庫タイプ,VMR値,実績の異常値検知,予測手法変更,予測数量変更,需要履歴変更,予測実績乖離1,予測実績乖離2,予測実績乖離3,SVG予測数量(N),SVG予測数量(N+1),SVG予測数量(N+2),SVG予測数量(N+3),SVG予測数量(N+4),SVG予測数量(N+5),SVG予測数量(N+6),SVG予測数量(N+7),SVG予測数量(N+8),SVG予測数量(N+9),SVG予測数量(N+10),SVG予測数量(N+11)
U.S.,AA0001,Product-1,U.S.,Normal,n,3:Mature,Freq 6/6,,foo,2.69,11,5,MovingAverage,6,13,7,8,0,5,3,5,5,8,5,3,8.07,6,4.97,6,5.38,5.08,5.59,4.92,5.33,4.77,4.77,4.61,4.82,5.28,1,1,2.939652,5.667537,12,51.86824541,0,2.3074,0.3778,1.8889,10.8,SH ,1.61039544, ,y, , , , , ,4.97,6,5.38,5.08,5.59,4.92,5.33,4.77,4.77,4.61,4.82,5.28
U.S.,AA0002,Product-2,U.S.,Normal,n,4:Decline,Freq 5/6,T3,foo,20.82,3,2,MovingAverage,2,3,3,0,1,1,5,2,2,0,2,1,20.82,2,1.97,2.38,2.14,2.01,2.22,1.95,2.12,1.89,1.89,1.83,1.91,2.1,1,2,1.337927,1.804125,12,74.15932932,0,1.6087,0.5532,1.0833,3.35,SH ,0.84051092, ,y, , , , , ,1.97,2.38,2.14,2.01,2.22,1.95,2.12,1.89,1.89,1.83,1.91,2.1
U.S.,AA0003,Product-3,U.S.,Normal,n,4:Decline,Freq 3/6,T3,foo,0.25,0,1,MovingAverage,2,2,3,12,0,0,1,0,1,0,3,0,0,2,0.85,1.02,0.91,0.86,0.95,0.84,0.91,0.81,0.81,0.78,0.82,0.9,1,3,1.241814,0.871383,6,142.5106985,0,2.1311,1.6522,1.5833,0.08,SLP,1.69063997, ,y, , , , , ,0.85,1.02,0.91,0.86,0.95,0.84,0.91,0.81,0.81,0.78,0.82,0.9
U.S.,AA0004,Product-4,U.S.,Normal,n,4:Decline,Freq 0/6,T1,foo,0.2,0,0,MovingAverage,0,0,0,0,0,0,0,0,0,0,0,0,0,0,0,0,0,0,0,0,0,0,0,0,0,0,1,4,0,0,6,0.00E+00,0,0.2282,2,0.2083,0,SL ,0.00E+00, ,y, , , , , ,0,0,0,0,0,0,0,0,0,0,0,0
U.S.,AA0005,Product-5,U.S.,Normal,n,4:Decline,Freq 3/6,T2,foo,32.13,0,1,MovingAverage,0,4,2,0,0,1,3,0,4,0,0,1,32.13,1,1.32,1.59,1.43,1.35,1.48,1.31,1.41,1.26,1.26,1.22,1.28,1.4,1,5,1.826176,1.359427,6,134.3342452,0,1.472,1.0769,1.1667,0,SLP,2.34356056, ,y, , , , ,y,1.32,1.59,1.43,1.35,1.48,1.31,1.41,1.26,1.26,1.22,1.28,1.4
U.S.,AA0006,Product-6,U.S.,Normal,n,3:Mature,Freq 6/6,T4,foo,2.32,55,22,MovingAverage,34,32,33,17,24,12,3,34,47,7,4,38,88.16,24,22.46,27.09,24.31,22.92,25.23,22.23,24.08,21.53,21.53,20.84,21.76,23.85,1,6,15.067636,23.702358,12,63.57019837,0,19.7673,0.8882,19.3056,55.36,SH ,9.36833023, ,y, , , , , ,22.46,27.09,24.31,22.92,25.23,22.23,24.08,21.53,21.53,20.84,21.76,23.85
U.S.,AA0007,Product-7,U.S.,Normal,n,4:Decline,Freq 4/6,T4,foo,18.02,10,2,MovingAverage,1,3,1,2,3,0,5,1,7,0,1,0,0,2,2.34,2.82,2.53,2.39,2.63,2.32,2.51,2.24,2.24,2.17,2.27,2.48,1,7,3.070546,2.412279,6,127.2881785,0,3.0307,1.1905,2.7778,7.04,SH ,3.73379722, ,y, , , , , ,2.34,2.82,2.53,2.39,2.63,2.32,2.51,2.24,2.24,2.17,2.27,2.48
U.S.,AA0008,Product-8,U.S.,Normal,n,4:Decline,Freq 4/6,T3,foo,20.84,2,1,MovingAverage,2,3,1,2,0,2,1,1,1,0,0,1,20.84,1,0.66,0.8,0.71,0.67,0.74,0.65,0.71,0.63,0.63,0.61,0.64,0.7,1,8,0.529367,0.680492,6,77.79180358,0,1.6457,1.2258,1.5833,1.72,SLP,0.39340329, ,y, , , , ,y,0.66,0.8,0.71,0.67,0.74,0.65,0.71,0.63,0.63,0.61,0.64,0.7
U.S.,AA0009,Product-9,U.S.,Normal,n,4:Decline,Freq 3/6,,foo,34.01,0,1,MovingAverage,1,3,0,0,0,1,0,1,2,0,0,0,0,1,0.52,0.63,0.56,0.53,0.59,0.52,0.56,0.5,0.5,0.48,0.51,0.55,1,9,0.92205,0.655209,12,140.7260889,0,0.9052,1.4146,0.8056,0.2,SLP,1.51066813, ,y, , , , , ,0.52,0.63,0.56,0.53,0.59,0.52,0.56,0.5,0.5,0.48,0.51,0.55
U.S.,AA0010,Product-10,U.S.,Normal,n,4:Decline,Freq 4/6,,foo,147,11,3,MovingAverage,16,2,10,7,2,0,4,5,1,0,3,3,441,4,2.67,2.67,2.67,2.67,2.67,2.67,2.67,2.67,2.67,2.67,2.67,2.67,1,10,4.66044,4.416667,12,105.5193883,0,6.3626,1.0531,5.2519,10.69,SH ,8.24462016, , , , , , ,y,2.67,2.67,2.67,2.67,2.67,2.67,2.67,2.67,2.67,2.67,2.67,2.67
U.S.,AA0011,Product-11,U.S.,Normal,n,4:Decline,Freq 3/6,,foo,198.56,0,1,MovingAverage,0,2,0,1,3,1,0,1,1,0,0,1,198.56,1,0.5,0.61,0.55,0.52,0.57,0.5,0.54,0.48,0.48,0.47,0.49,0.54,1,11,0.571163,0.520235,6,109.7894221,0,0.8165,0.8889,0.6667,0.26,SLP,0.59905605, ,y, , , , ,y,0.5,0.61,0.55,0.52,0.57,0.5,0.54,0.48,0.48,0.47,0.49,0.54
U.S.,AA0012,Product-12,U.S.,Normal,n,4:Decline,Freq 5/6,T3,foo,93.57,2,1,MovingAverage,0,1,0,3,0,1,1,0,1,1,1,0,0,1,0.68,0.82,0.74,0.69,0.77,0.67,0.73,0.65,0.65,0.63,0.66,0.72,1,12,0.546002,0.701958,6,77.78271635,0,0.5569,0.5455,0.4167,1.65,SLP,0.40571807, ,y, , , , , ,0.68,0.82,0.74,0.69,0.77,0.67,0.73,0.65,0.65,0.63,0.66,0.72
U.S.,AA0013,Product-13,U.S.,2nd Most Important,n,3:Mature,Freq 6/6,,foo,198.56,0,4,MovingAverage,16,14,4,2,17,9,6,1,7,2,2,7,1389.92,7,4.13,4.98,4.47,4.21,4.64,4.08,4.42,3.96,3.96,3.83,4,4.38,1,13,2.764916,4.252897,6,65.01253146,0,7.3835,0.8785,6.5278,0,SH ,1.71722046, ,y, , , , ,y,4.13,4.98,4.47,4.21,4.64,4.08,4.42,3.96,3.96,3.83,4,4.38
U.S.,AA0014,Product-14,U.S.,Normal,n,3:Mature,Freq 6/6,,foo,128.14,10,3,MovingAverage,7,7,3,3,2,4,4,5,2,3,2,2,256.28,4,3.04,3.66,3.29,3.1,3.41,3,3.25,2.91,2.91,2.82,2.94,3.22,1,14,1.740934,3.655346,12,47.62706458,0,1.5501,0.4658,1.4167,1.7,SH ,0.92526252, ,y, , , , , ,3.04,3.66,3.29,3.1,3.41,3,3.25,2.91,2.91,2.82,2.94,3.22
U.S.,AA0015,Product-15,U.S.,Normal,n,3:Mature,Freq 6/6,,foo,22.21,10,14,MovingAverage,24,29,38,21,8,18,21,8,8,29,5,12,266.52,18,15.91,19.18,17.22,16.23,17.87,15.74,17.05,15.25,15.25,14.76,15.41,16.89,1,15,10.083931,14.431411,6,69.87487918,0,9.555,0.5823,8.2998,0,SH ,5.9242689, ,y, , , , , ,15.91,19.18,17.22,16.23,17.87,15.74,17.05,15.25,15.25,14.76,15.41,16.89
U.S.,AA0016,Product-16,U.S.,Normal,n,3:Mature,Freq 6/6,T4,foo,20.19,0,27,MovingAverage,0,0,12,2,0,3,67,20,22,18,34,0,0,15,26.8,32.32,29.01,27.35,30.11,26.52,28.73,25.69,25.69,24.86,25.97,28.45,1,16,21.455087,27.625763,6,77.66332825,0,28.4617,1.036,19.7917,0,SH ,15.91817466, ,y, , , , ,y,26.8,32.32,29.01,27.35,30.11,26.52,28.73,25.69,25.69,24.86,25.97,28.45
U.S.,AA0017,Product-17,U.S.,2nd Most Important,n,3:Mature,Freq 6/6,T3,foo,49.75,10,44,MovingAverage,34,37,69,74,96,80,46,68,40,21,24,62,3084.5,54,43.56,52.54,47.15,44.45,48.94,43.11,46.7,41.76,41.76,40.41,42.21,46.25,1,17,23.001599,53.996933,12,42.59797311,0,28.7923,0.4659,24.75,0,SH ,11.25604232, ,y, , , , ,y,43.56,52.54,47.15,44.45,48.94,43.11,46.7,41.76,41.76,40.41,42.21,46.25
U.S.,AA0018,Product-18,U.S.,Normal,n,4:Decline,Freq 5/6,,foo,0.22,7,4,MovingAverage,1,1,0,1,0,5,1,6,0,6,1,9,1.98,3,3.86,4.66,4.18,3.94,4.34,3.82,4.14,3.7,3.7,3.58,3.74,4.1,1,18,3.150155,2.665465,12,118.1840692,0,3.6356,1.0415,3.1389,7.22,SH ,2.38177246, ,y, , , ,y, ,3.86,4.66,4.18,3.94,4.34,3.82,4.14,3.7,3.7,3.58,3.74,4.1
U.S.,AA0019,Product-19,U.S.,Normal,n,4:Decline,Freq 4/6,,foo,0.22,5,2,MovingAverage,1,0,0,0,0,4,1,4,0,4,0,4,0.88,2,2.2,2.65,2.38,2.24,2.47,2.17,2.36,2.11,2.11,2.04,2.13,2.33,1,19,2.166775,2.265092,6,95.6594699,0,2.2207,1.0817,1.9306,4.97,SH ,1.98010741, ,y, , , ,y, ,2.2,2.65,2.38,2.24,2.47,2.17,2.36,2.11,2.11,2.04,2.13,2.33
U.S.,AA0020,Product-20,U.S.,Normal,n,4:Decline,Freq 4/6,,foo,17.89,2,1,MovingAverage,2,1,0,0,0,0,3,0,3,1,1,0,0,1,1.34,1.62,1.45,1.37,1.51,1.33,1.44,1.28,1.28,1.24,1.3,1.42,1,20,1.389383,1.380894,6,100.6147467,3,1.4739,1.1172,1.125,2.37,SLP,1.33545941, ,y, , , , ,y,1.34,1.62,1.45,1.37,1.51,1.33,1.44,1.28,1.28,1.24,1.3,1.42
U.S.,AA0021,Product-21,U.S.,Normal,n,3:Mature,Freq 6/6,,foo,25.67,6,11,MovingAverage,9,4,18,8,5,4,10,14,8,9,9,16,410.72,10,11.05,13.33,11.97,11.28,12.42,10.94,11.85,10.6,10.6,10.26,10.71,11.74,1,21,3.057617,11.396625,6,26.82914459,0,7.4562,0.8686,6.6616,0,SH ,0.78367666, ,y, , , ,y, ,11.05,13.33,11.97,11.28,12.42,10.94,11.85,10.6,10.6,10.26,10.71,11.74
U.S.,AA0022,Product-22,U.S.,Normal,n,3:Mature,Freq 6/6,,foo,80.4,6,2,MovingAverage,8,6,10,13,4,3,1,3,5,1,2,0,0,5,2.07,2.5,2.24,2.11,2.33,2.05,2.22,1.98,1.98,1.92,2.01,2.2,1,22,3.917444,4.635661,12,84.5066971,0,3.1297,0.93,2.5124,5.9,SH ,6.87084929, ,y, , , , ,y,2.07,2.5,2.24,2.11,2.33,2.05,2.22,1.98,1.98,1.92,2.01,2.2
U.S.,AA0023,Product-23,U.S.,Normal,n,4:Decline,Freq 4/6,,foo,100.37,2,1,MovingAverage,4,0,0,1,0,2,2,0,2,1,0,0,0,1,0.84,1.01,0.91,0.86,0.94,0.83,0.9,0.8,0.8,0.78,0.81,0.89,1,23,1.007708,0.864121,6,116.6165387,0,0.9574,1.25,0.8333,2.11,SLP,1.12264343, ,y, , , , , ,0.84,1.01,0.91,0.86,0.94,0.83,0.9,0.8,0.8,0.78,0.81,0.89
U.S.,AA0024,Product-24,U.S.,Normal,n,4:Decline,Freq 5/6,,foo,92.71,3,1,MovingAverage,1,2,4,3,2,3,1,1,0,1,3,1,92.71,2,1.18,1.43,1.28,1.21,1.33,1.17,1.27,1.13,1.13,1.1,1.15,1.25,1,24,1.052314,1.21838,6,86.36993385,0,1.374,0.7969,1.2328,2.92,SLP,0.8682701, ,y, , , , ,y,1.18,1.43,1.28,1.21,1.33,1.17,1.27,1.13,1.13,1.1,1.15,1.25
U.S.,AA0025,Product-25,U.S.,Normal,n,4:Decline,Freq 3/6,,foo,4.91,0,1,MovingAverage,3,2,1,2,0,3,0,0,3,2,0,0,0,1,0.88,1.06,0.95,0.9,0.99,0.87,0.94,0.84,0.84,0.82,0.85,0.94,1,25,1.442031,0.908005,6,158.8131123,0,1.2505,1.1448,1.1528,0,SLP,2.18780161, ,y, , , , , ,0.88,1.06,0.95,0.9,0.99,0.87,0.94,0.84,0.84,0.82,0.85,0.94
U.S.,AA0026,Product-26,U.S.,Normal,n,4:Decline,Freq 3/6,,foo,94.19,0,1,MovingAverage,0,2,1,0,2,1,1,0,3,0,0,1,94.19,1,0.83,1.01,0.9,0.85,0.94,0.83,0.89,0.8,0.8,0.77,0.81,0.89,1,26,1.252074,0.859703,6,145.6402967,0,1.2416,1.6923,0.9167,0.12,SLP,1.74204143, ,y, , , , ,y,0.83,1.01,0.9,0.85,0.94,0.83,0.89,0.8,0.8,0.77,0.81,0.89
U.S.,AA0027,Product-27,U.S.,Normal,n,4:Decline,Freq 5/6,T2,foo,70.06,4,2,MovingAverage,3,1,2,3,3,0,2,4,5,1,1,1,70.06,2,2.38,2.88,2.58,2.43,2.68,2.36,2.56,2.29,2.29,2.21,2.31,2.53,1,27,1.906262,2.457718,6,77.56227525,0,1.7691,0.6747,1.5556,4.37,SH ,1.41247262, ,y, , , , , ,2.38,2.88,2.58,2.43,2.68,2.36,2.56,2.29,2.29,2.21,2.31,2.53
U.S.,AA0028,Product-28,U.S.,Normal,n,3:Mature,Freq 6/6,T1,foo,70.06,0,2,MovingAverage,2,2,0,6,3,3,4,2,1,1,1,1,70.06,2,1.65,1.99,1.79,1.69,1.86,1.63,1.77,1.58,1.58,1.53,1.6,1.75,1,28,1.138624,1.702962,6,66.86138622,0,1.5275,0.7,1.1667,0.3,SLP,0.72728148, ,y, , , , , ,1.65,1.99,1.79,1.69,1.86,1.63,1.77,1.58,1.58,1.53,1.6,1.75
U.S.,AA0029,Product-29,U.S.,Normal,n,3:Mature,Freq 6/6,T1,foo,70.06,0,2,MovingAverage,4,1,2,3,5,7,3,2,3,1,2,2,140.12,3,2.17,2.62,2.35,2.22,2.44,2.15,2.33,2.08,2.08,2.02,2.11,2.31,1,29,1.76297,2.936148,12,60.0436354,0,1.5501,0.478,1.3611,0,SH ,1.32538194, ,y, , , , ,y,2.17,2.62,2.35,2.22,2.44,2.15,2.33,2.08,2.08,2.02,2.11,2.31
U.S.,AA0030,Product-30,U.S.,Normal,n,4:Decline,Freq 5/6,,foo,70.06,5,3,MovingAverage,3,3,3,4,4,0,4,3,7,1,2,3,210.18,3,3.35,4.05,3.63,3.42,3.77,3.32,3.6,3.22,3.22,3.11,3.25,3.56,1,30,2.206151,3.458372,6,63.79160484,0,2.3274,0.7097,1.8333,5.06,SH ,1.34445324, ,y, , , , ,y,3.35,4.05,3.63,3.42,3.77,3.32,3.6,3.22,3.22,3.11,3.25,3.56
U.S.,AA0031,Product-31,U.S.,Normal,n,4:Decline,Freq 4/6,,foo,18.38,3,1,MovingAverage,1,1,0,1,0,3,0,1,0,1,6,0,0,1,1.39,1.67,1.5,1.41,1.56,1.37,1.49,1.33,1.33,1.29,1.34,1.47,1,31,1.857986,1.215841,12,152.8148829,0,2.487,0.9282,1.9728,3.22,SLP,2.30905747, ,y, , , , ,y,1.39,1.67,1.5,1.41,1.56,1.37,1.49,1.33,1.33,1.29,1.34,1.47
U.S.,AA0032,Product-32,U.S.,Normal,n,4:Decline,Freq 4/6,,foo,17.9,3,10,MovingAverage,3,0,0,4,0,3,2,0,0,28,27,0,0,6,9.98,12.04,10.81,10.19,11.22,9.88,10.7,9.57,9.57,9.26,9.68,10.6,1,32,11.281924,6.001315,12,187.9908653,43,12.7639,1.2619,8.8333,25.87,SH ,11.81338149, ,y, , , ,y, ,9.98,12.04,10.81,10.19,11.22,9.88,10.7,9.57,9.57,9.26,9.68,10.6
U.S.,AA0033,Product-33,U.S.,Normal,n,4:Decline,Freq 5/6,,foo,32.2,10,5,MovingAverage,4,6,0,4,1,6,0,3,4,7,15,1,32.2,4,5.21,6.29,5.64,5.32,5.86,5.16,5.59,5,5,4.83,5.05,5.53,1,33,4.40183,4.391061,12,100.2452482,0,4.8715,0.6117,3.5,10.09,SH ,3.44559569, ,y, , , ,y, ,5.21,6.29,5.64,5.32,5.86,5.16,5.59,5,5,4.83,5.05,5.53
U.S.,AA0034,Product-34,U.S.,Normal,n,3:Mature,Freq 6/6,T1,foo,12.48,24,14,MovingAverage,31,7,21,2,4,5,14,5,11,7,43,1,12.48,13,13.77,16.61,14.9,14.05,15.47,13.63,14.76,13.2,13.2,12.77,13.34,14.62,1,34,16.095653,14.193195,6,113.4040151,0,16.1685,0.5592,9.8328,24.24,SH ,17.43749178, ,y, , , ,y, ,13.77,16.61,14.9,14.05,15.47,13.63,14.76,13.2,13.2,12.77,13.34,14.62
U.S.,AA0035,Product-35,U.S.,2nd Most Important,n,3:Mature,Freq 6/6,T2,foo,53.4,11,19,MovingAverage,22,26,11,22,17,18,9,15,20,19,36,16,854.4,19,19.6,23.64,21.22,20,22.02,19.4,21.01,18.79,18.79,18.18,18.99,20.81,1,35,7.548745,19.43155,12,38.84787884,0,14.7559,0.4161,9.4728,11.37,SH ,2.6942214, ,y, , , ,y, ,19.6,23.64,21.22,20,22.02,19.4,21.01,18.79,18.79,18.18,18.99,20.81
U.S.,AA0036,Product-36,U.S.,2nd Most Important,n,3:Mature,Freq 6/6,T3,foo,53.4,8,11,MovingAverage,15,17,9,13,9,7,5,9,13,7,23,10,534,11,11.38,13.73,12.32,11.62,12.79,11.27,12.21,10.91,10.91,10.56,11.03,12.09,1,36,5.255609,11.471944,12,45.81271492,0,7.7376,0.4068,5.3339,7.92,SH ,2.2483265, ,y, , , ,y, ,11.38,13.73,12.32,11.62,12.79,11.27,12.21,10.91,10.91,10.56,11.03,12.09
U.S.,AA0037,Product-37,U.S.,2nd Most Important,n,4:Decline,Freq 6/6,T3,foo,53.4,11,11,MovingAverage,11,27,8,10,5,3,10,7,8,7,26,6,320.4,11,10.83,13.07,11.73,11.06,12.17,10.72,11.61,10.39,10.39,10.05,10.5,11.5,1,37,7.345833,10.571363,12,69.48804047,0,2.7914,0.1909,2.2217,11.06,SH ,4.61593942, ,y, , , , , ,10.83,13.07,11.73,11.06,12.17,10.72,11.61,10.39,10.39,10.05,10.5,11.5
U.S.,AA0038,Product-38,U.S.,2nd Most Important,n,4:Decline,Freq 6/6,T3,foo,53.4,13,9,MovingAverage,16,25,6,15,12,4,5,5,7,3,28,5,267,11,9,10.86,9.75,9.19,10.12,8.91,9.65,8.63,8.63,8.35,8.72,9.56,1,38,8.315389,10.799155,12,77.00036716,0,4.9188,0.3899,4.2778,12.52,SH ,7.11735275, ,y, , , , ,y,9,10.86,9.75,9.19,10.12,8.91,9.65,8.63,8.63,8.35,8.72,9.56
U.S.,AA0039,Product-39,U.S.,Normal,n,4:Decline,Freq 5/6,T1,foo,10.91,8,3,MovingAverage,3,4,12,0,1,1,2,9,1,0,1,5,54.55,3,3.01,3.63,3.25,3.07,3.38,2.98,3.22,2.88,2.88,2.79,2.91,3.19,1,39,3.621627,3.098994,6,116.8646019,0,3.3826,0.9528,3.0833,8.31,SH ,4.04327882, ,y, , , , , ,3.01,3.63,3.25,3.07,3.38,2.98,3.22,2.88,2.88,2.79,2.91,3.19
U.S.,AA0040,Product-40,U.S.,Normal,n,4:Decline,Freq 5/6,T2,foo,1.97,26,15,MovingAverage,0,0,2,0,0,3,0,11,30,30,11,8,15.76,8,15,15,15,15,15,15,15,15,15,15,15,15,1,40,11.147428,7.916667,12,140.8096109,0,15.3011,1.0689,11.4167,25.56,SH ,8.38578434, ,y, , , , ,y,15,15,15,15,15,15,15,15,15,15,15,15
U.S.,AA0041,Product-41,U.S.,Normal,n,4:Decline,Freq 6/6,,foo,100.54,0,17,MovingAverage,18,23,30,24,28,24,26,16,7,19,8,24,2412.96,21,19.75,23.83,21.38,20.16,22.2,19.55,21.18,18.94,18.94,18.33,19.14,20.98,1,41,6.619262,20.364221,12,32.50437127,0,8.2635,0.3242,6.2296,0,SH ,2.05540941, ,y, , , , ,y,19.75,23.83,21.38,20.16,22.2,19.55,21.18,18.94,18.94,18.33,19.14,20.98
U.S.,AA0042,Product-42,U.S.,Normal,n,4:Decline,Freq 6/6,T1,foo,58.92,5,4,ForecastingWA,8,3,10,8,2,3,1,8,5,7,1,3,176.76,5,4.36,5.26,4.72,4.45,4.9,4.31,4.67,4.18,4.18,4.04,4.22,4.63,1,42,3.260812,5.005856,12,65.13994809,0,3.2202,0.6263,2.8463,4.91,SH ,2.26010955, ,y, , , , , ,4.36,5.26,4.72,4.45,4.9,4.31,4.67,4.18,4.18,4.04,4.22,4.63
U.S.,AA0043,Product-43,U.S.,Normal,n,3:Mature,Freq 6/6,T2,foo,55.42,8,34,MovingAverage,39,39,46,36,36,43,51,32,37,28,35,23,1274.66,37,29.32,35.36,31.74,29.92,32.95,29.02,31.43,28.11,28.11,27.2,28.41,31.13,1,43,8.926592,35.65121,6,25.03867891,0,8.9029,0.2158,7.7659,8.37,SH ,2.51855159, ,y, , , ,y, ,29.32,35.36,31.74,29.92,32.95,29.02,31.43,28.11,28.11,27.2,28.41,31.13
U.S.,AA0044,Product-44,U.S.,2nd Most Important,n,4:Decline,Freq 6/6,T2,foo,73.24,51,29,MovingAverage,27,46,20,35,5,13,20,1,17,1,120,15,1098.6,27,29.41,35.47,31.84,30.02,33.05,29.11,31.53,28.2,28.2,27.29,28.5,31.23,1,44,34.024257,26.800056,12,126.9559176,0,17.3176,0.3975,14.2778,51.25,SH ,36.47510312, ,y, , , , ,y,29.41,35.47,31.84,30.02,33.05,29.11,31.53,28.2,28.2,27.29,28.5,31.23
U.S.,AA0045,Product-45,U.S.,Normal,n,4:Decline,Freq 6/6,,foo,60.61,7,9,MovingAverage,8,7,2,8,3,12,3,4,8,9,23,4,242.44,8,8.75,10.56,9.47,8.93,9.84,8.66,9.38,8.39,8.39,8.12,8.48,9.29,1,45,6.186165,7.800634,12,79.30336175,0,7.7397,0.5055,5.75,9.32,SH ,4.05160993, ,y, , , ,y, ,8.75,10.56,9.47,8.93,9.84,8.66,9.38,8.39,8.39,8.12,8.48,9.29
U.S.,AA0046,Product-46,U.S.,Normal,n,4:Decline,Freq 5/6,,foo,83.8,26,16,MovingAverage,42,54,10,32,22,36,28,20,26,9,0,10,838,24,15.54,18.74,16.82,15.86,17.46,15.38,16.66,14.89,14.89,14.41,15.05,16.5,1,46,11.172921,16.015697,6,69.76231506,145,57.97,1.0032,30.75,25.62,SH ,7.44619848, ,y, , , ,y, ,15.54,18.74,16.82,15.86,17.46,15.38,16.66,14.89,14.89,14.41,15.05,16.5
U.S.,AA0047,Product-47,U.S.,Normal,n,4:Decline,Freq 5/6,,foo,58.29,4,3,MovingAverage,6,7,5,5,5,2,4,2,3,0,3,6,349.74,4,2.95,3.56,3.19,3.01,3.31,2.92,3.16,2.83,2.83,2.74,2.86,3.13,1,47,1.923418,3.039872,6,63.27299307,0,2.3364,0.5518,1.7783,4.41,SH ,1.16262345, ,y, , , , , ,2.95,3.56,3.19,3.01,3.31,2.92,3.16,2.83,2.83,2.74,2.86,3.13
U.S.,AA0048,Product-48,U.S.,2nd Most Important,n,4:Decline,Freq 6/6,,foo,182.06,0,13,MovingAverage,16,13,15,17,5,10,21,8,19,7,11,12,2184.72,13,12.99,15.67,14.06,13.26,14.6,12.86,13.93,12.46,12.46,12.05,12.59,13.79,1,48,5.58802,13.392493,6,41.72501714,0,6.4182,0.4912,5.9044,0,SH ,2.22741672, ,y, , , , , ,12.99,15.67,14.06,13.26,14.6,12.86,13.93,12.46,12.46,12.05,12.59,13.79
U.S.,AA0049,Product-49,U.S.,Normal,n,4:Decline,Freq 6/6,T3,foo,71.5,15,5,MovingAverage,3,6,4,2,7,6,6,12,4,1,3,1,71.5,5,4.57,5.51,4.94,4.66,5.13,4.52,4.9,4.38,4.38,4.24,4.43,4.85,1,49,4.419436,4.707834,6,93.87408307,0,4.3814,0.7521,3.98,0,SH ,3.9633236, ,y, , , ,y, ,4.57,5.51,4.94,4.66,5.13,4.52,4.9,4.38,4.38,4.24,4.43,4.85
U.S.,AA0050,Product-50,U.S.,Normal,n,4:Decline,Freq 4/6,T2,foo,78,2,1,MovingAverage,2,4,2,2,1,1,4,0,1,0,1,1,78,2,1.12,1.36,1.22,1.15,1.26,1.11,1.21,1.08,1.08,1.04,1.09,1.19,1,50,1.411298,1.159354,6,121.7314125,0,1.6929,0.953,1.6088,2.12,SLP,1.6412252, ,y, , , ,y, ,1.12,1.36,1.22,1.15,1.26,1.11,1.21,1.08,1.08,1.04,1.09,1.19
U.S.,AA0051,Product-51,U.S.,Normal,n,4:Decline,Freq 5/6,T3,foo,78,3,1,MovingAverage,4,4,3,2,1,0,2,1,1,2,1,0,0,2,1.19,1.44,1.29,1.21,1.34,1.18,1.28,1.14,1.14,1.1,1.15,1.26,1,51,0.781433,1.226611,6,63.70666821,0,1.2714,0.6642,1.1602,2.89,SLP,0.47557995, ,y, , , , ,y,1.19,1.44,1.29,1.21,1.34,1.18,1.28,1.14,1.14,1.1,1.15,1.26
U.S.,AA0052,Product-52,U.S.,Normal,n,3:Mature,Freq 6/6,,foo,78,10,2,MovingAverage,3,5,4,3,2,1,4,1,2,2,1,1,78,2,1.83,2.21,1.98,1.87,2.06,1.81,1.96,1.76,1.76,1.7,1.77,1.94,1,52,1.217066,2.367627,12,51.40446532,0,1.0181,0.4284,0.8083,0,SH ,0.7494442, ,y, , , , , ,1.83,2.21,1.98,1.87,2.06,1.81,1.96,1.76,1.76,1.7,1.77,1.94
U.S.,AA0053,Product-53,U.S.,Normal,n,4:Decline,Freq 3/6,T2,foo,98.33,5,1,MovingAverage,0,1,1,0,2,0,2,1,0,2,0,0,0,1,0.84,1.02,0.91,0.86,0.95,0.84,0.9,0.81,0.81,0.78,0.82,0.9,1,53,1.024725,0.870095,6,117.7716226,0,0.9173,1.0891,0.7639,0.09,SLP,1.1529093, ,y, , , , , ,0.84,1.02,0.91,0.86,0.95,0.84,0.9,0.81,0.81,0.78,0.82,0.9
U.S.,AA0054,Product-54,U.S.,Normal,n,4:Decline,Freq 1/6,,foo,75.96,0,1,MovingAverage,0,0,0,0,0,0,0,4,0,0,0,1,75.96,0,0.85,1.03,0.92,0.87,0.96,0.84,0.91,0.82,0.82,0.79,0.83,0.91,1,54,1.721023,0.878658,6,195.8694964,0,1.6997,2,1,0.06,SLP,3.22033063, ,y, , , , ,y,0.85,1.03,0.92,0.87,0.96,0.84,0.91,0.82,0.82,0.79,0.83,0.91
U.S.,AA0055,Product-55,U.S.,Normal,n,4:Decline,Freq 4/6,,foo,43.55,2,1,MovingAverage,2,0,0,0,0,1,2,0,2,0,1,0,0,1,0.83,1,0.9,0.85,0.93,0.82,0.89,0.8,0.8,0.77,0.8,0.88,1,55,0.911125,0.686747,12,132.6725854,6,1.0386,1.2,0.9167,2.13,SLP,0.92620449, ,y, , , , , ,0.83,1,0.9,0.85,0.93,0.82,0.89,0.8,0.8,0.77,0.8,0.88
U.S.,AA0056,Product-56,U.S.,Normal,n,4:Decline,Freq 5/6,,foo,138.79,5,2,MovingAverage,1,1,0,0,1,1,3,0,3,1,2,0,0,1,1.51,1.82,1.64,1.54,1.7,1.5,1.62,1.45,1.45,1.4,1.46,1.6,1,56,1.408576,1.558199,6,90.39769632,0,1.351,0.9257,1.125,2.78,SLP,1.216423, ,y, , , , ,y,1.51,1.82,1.64,1.54,1.7,1.5,1.62,1.45,1.45,1.4,1.46,1.6
U.S.,AA0057,Product-57,U.S.,Normal,n,4:Decline,Freq 6/6,T1,foo,128.74,0,1,MovingAverage,0,2,0,1,3,4,2,2,2,1,1,0,0,2,1.36,1.64,1.47,1.39,1.53,1.34,1.46,1.3,1.3,1.26,1.32,1.44,1,57,0.843409,1.399849,6,60.24999839,0,0.4159,0.2676,0.3605,0.31,SLP,0.48544764, ,y, , , , , ,1.36,1.64,1.47,1.39,1.53,1.34,1.46,1.3,1.3,1.26,1.32,1.44
U.S.,AA0058,Product-58,U.S.,Normal,n,4:Decline,Freq 6/6,T1,foo,5.25,16,17,MovingAverage,6,50,5,4,23,2,29,13,29,6,15,7,36.75,16,16.57,19.98,17.93,16.91,18.61,16.39,17.76,15.88,15.88,15.37,16.05,17.59,1,58,10.399075,17.077689,6,60.89275311,0,10.7214,0.5902,9.5833,15.66,SH ,6.0493304, ,y, , , , , ,16.57,19.98,17.93,16.91,18.61,16.39,17.76,15.88,15.88,15.37,16.05,17.59
U.S.,AA0059,Product-59,U.S.,Normal,n,4:Decline,Freq 6/6,,foo,53.15,6,31,MovingAverage,45,47,49,33,34,33,42,25,31,33,32,25,1328.75,36,31.62,38.14,34.23,32.27,35.53,31.29,33.9,30.32,30.32,29.34,30.64,33.57,1,59,6.030151,32.596789,6,18.49921782,0,11.4553,0.2736,9.9306,5.65,SH ,1.06568426, ,y, , , , ,y,31.62,38.14,34.23,32.27,35.53,31.29,33.9,30.32,30.32,29.34,30.64,33.57
U.S.,AA0060,Product-60,U.S.,Normal,n,4:Decline,Freq 6/6,,foo,95.72,10,3,MovingAverage,5,2,5,8,6,4,3,4,1,4,4,3,287.16,4,3.21,3.88,3.48,3.28,3.61,3.18,3.44,3.08,3.08,2.98,3.11,3.41,1,60,1.841652,4.104279,12,44.87151093,0,1.9401,0.4378,1.4167,0,SH ,0.97823332, ,y, , , , , ,3.21,3.88,3.48,3.28,3.61,3.18,3.44,3.08,3.08,2.98,3.11,3.41
U.S.,AA0061,Product-61,U.S.,Normal,n,4:Decline,Freq 4/6,T2,foo,12.05,7,2,MovingAverage,5,3,2,2,7,7,0,4,3,5,0,0,0,3,1.8,2.17,1.94,1.83,2.02,1.78,1.93,1.72,1.72,1.67,1.74,1.91,1,61,3.207501,1.851852,3,173.2050401,0,3.174,1.3333,3.1111,7.36,SH ,5.30730915, ,y, , , , ,y,1.8,2.17,1.94,1.83,2.02,1.78,1.93,1.72,1.72,1.67,1.74,1.91
U.S.,AA0062,Product-62,U.S.,Normal,n,4:Decline,Freq 3/6,,foo,0.23,0,1,MovingAverage,0,0,1,4,1,2,0,1,0,1,0,1,0.23,1,0.51,0.62,0.55,0.52,0.57,0.51,0.55,0.49,0.49,0.47,0.49,0.54,1,62,0.578272,0.526209,6,109.8939775,0,0.6922,1.4,0.5833,0.24,SLP,0.6070902, ,y, , , , , ,0.51,0.62,0.55,0.52,0.57,0.51,0.55,0.49,0.49,0.47,0.49,0.54
U.S.,AA0063,Product-63,U.S.,Normal,n,4:Decline,Freq 3/6,T2,foo,2.91,0,1,MovingAverage,1,1,2,0,1,0,1,0,1,0,3,0,0,1,0.85,1.02,0.91,0.86,0.95,0.84,0.91,0.81,0.81,0.78,0.82,0.9,1,63,1.241814,0.871383,6,142.5106985,0,0.7765,0.7748,0.5972,0.08,SLP,1.69063997, ,y, , , , , ,0.85,1.02,0.91,0.86,0.95,0.84,0.91,0.81,0.81,0.78,0.82,0.9
U.S.,AA0064,Product-64,U.S.,2nd Most Important,n,4:Decline,Freq 6/6,,foo,34.78,23,100,MovingAverage,147,99,118,84,151,130,98,134,83,82,99,103,3582.34,111,100.88,121.68,109.2,102.96,113.36,99.84,108.16,96.72,96.72,93.6,97.76,107.12,1,64,24.823068,110.944529,12,22.37430563,0,22.1035,0.1931,20.5032,23.27,SH ,5.66015717, ,y, , , , ,y,100.88,121.68,109.2,102.96,113.36,99.84,108.16,96.72,96.72,93.6,97.76,107.12
U.S.,AA0065,Product-65,U.S.,2nd Most Important,n,4:Decline,Freq 6/6,T2,foo,49.84,7,24,MovingAverage,40,29,13,15,33,28,22,20,23,22,18,40,1993.6,25,24.22,29.21,26.22,24.72,27.22,23.97,25.97,23.22,23.22,22.47,23.47,25.72,1,65,7.113671,24.96979,6,28.48911024,0,9.2611,0.3349,8.7778,6.67,SH ,1.93606378, ,y, , , , ,y,24.22,29.21,26.22,24.72,27.22,23.97,25.97,23.22,23.22,22.47,23.47,25.72
U.S.,AA0066,Product-66,U.S.,2nd Most Important,n,4:Decline,Freq 6/6,T1,foo,69.55,5,25,MovingAverage,25,24,20,22,42,27,25,22,30,28,22,22,1530.1,26,25.19,30.39,27.27,25.71,28.31,24.93,27.01,24.15,24.15,23.37,24.41,26.75,1,66,5.696258,25.836666,12,22.04718674,0,4.0915,0.1328,3.4444,5.34,SH ,1.19353389, ,y, , , , , ,25.19,30.39,27.27,25.71,28.31,24.93,27.01,24.15,24.15,23.37,24.41,26.75
U.S.,AA0067,Product-67,U.S.,Normal,n,4:Decline,Freq 4/6,,foo,29.38,3,1,MovingAverage,0,2,0,1,1,0,1,1,1,0,2,1,29.38,1,1,1.21,1.09,1.02,1.13,0.99,1.08,0.96,0.96,0.93,0.97,1.07,1,67,0.674964,1.035102,6,65.2074868,0,1.0408,1.25,0.8333,2.53,SLP,0.42046041, ,y, , , ,y, ,1,1.21,1.09,1.02,1.13,0.99,1.08,0.96,0.96,0.93,0.97,1.07
U.S.,AA0068,Product-68,U.S.,Normal,n,4:Decline,Freq 5/6,T1,foo,3.04,5,3,MovingAverage,1,0,2,4,0,5,2,1,5,0,2,5,15.2,2,2.48,2.99,2.69,2.53,2.79,2.46,2.66,2.38,2.38,2.3,2.41,2.64,1,68,2.123513,2.559453,6,82.96745437,2,2.5267,0.9037,1.6944,4.87,SH ,1.68309907, ,y, , , , ,y,2.48,2.99,2.69,2.53,2.79,2.46,2.66,2.38,2.38,2.3,2.41,2.64
U.S.,AA0069,Product-69,U.S.,Normal,n,4:Decline,Freq 3/6,,foo,21.54,0,1,MovingAverage,0,3,1,1,0,1,0,1,0,0,3,0,0,1,0.69,0.83,0.75,0.7,0.78,0.68,0.74,0.66,0.66,0.64,0.67,0.73,1,69,1.289,0.711126,6,181.2618298,0,1.2824,1.5942,0.7639,0,SLP,2.23206011, ,y, , , ,y, ,0.69,0.83,0.75,0.7,0.78,0.68,0.74,0.66,0.66,0.64,0.67,0.73
U.S.,AA0070,Product-70,U.S.,Normal,n,4:Decline,Freq 5/6,T2,foo,23.55,13,7,MovingAverage,6,10,7,5,5,1,18,5,7,0,4,9,211.95,6,6.98,8.42,7.56,7.13,7.85,6.91,7.49,6.7,6.7,6.48,6.77,7.42,1,70,5.804725,7.200684,6,80.61352227,0,6.7954,0.8563,5.4073,13.31,SH ,4.47029885, ,y, , , , , ,6.98,8.42,7.56,7.13,7.85,6.91,7.49,6.7,6.7,6.48,6.77,7.42
U.S.,AA0071,Product-71,U.S.,Normal,n,4:Decline,Freq 5/6,T2,foo,12.05,4,3,MovingAverage,3,0,0,5,6,4,4,0,2,3,3,3,36.15,3,2.5,3.01,2.7,2.55,2.8,2.47,2.68,2.39,2.39,2.32,2.42,2.65,1,71,1.902377,2.770723,12,68.65994905,0,1.4593,0.3762,1.0556,4.36,SH ,1.34403052, ,y, , , , , ,2.5,3.01,2.7,2.55,2.8,2.47,2.68,2.39,2.39,2.32,2.42,2.65
U.S.,AA0072,Product-72,U.S.,Normal,n,4:Decline,Freq 4/6,T2,foo,34.92,3,1,MovingAverage,1,1,0,0,0,1,1,4,0,0,1,2,69.84,1,1.34,1.61,1.45,1.36,1.5,1.32,1.43,1.28,1.28,1.24,1.3,1.42,1,72,1.608235,1.378032,6,116.7051999,0,1.5294,1.1628,1.0417,2.38,SLP,1.7930269, ,y, , , , ,y,1.34,1.61,1.45,1.36,1.5,1.32,1.43,1.28,1.28,1.24,1.3,1.42
U.S.,AA0073,Product-73,U.S.,Normal,n,4:Decline,Freq 3/6,,foo,21.65,0,0,MovingAverage,2,1,3,0,2,2,0,1,0,0,1,0,0,1,0.35,0.42,0.37,0.35,0.39,0.34,0.37,0.33,0.33,0.32,0.34,0.37,1,73,0.552325,0.356516,6,154.9229207,0,0.9623,1.1111,0.8333,0,SLP,0.8221774, ,y, , , , ,y,0.35,0.42,0.37,0.35,0.39,0.34,0.37,0.33,0.33,0.32,0.34,0.37
U.S.,AA0074,Product-74,U.S.,Normal,n,4:Decline,Freq 3/6,,foo,90.44,0,2,MovingAverage,2,0,0,4,0,1,8,0,0,4,0,1,90.44,2,2.12,2.56,2.29,2.16,2.38,2.1,2.27,2.03,2.03,1.97,2.05,2.25,1,74,3.201009,2.184604,6,146.5258234,0,3.3475,1.5726,2.5556,0,SH ,4.48072185, ,y, , , , ,y,2.12,2.56,2.29,2.16,2.38,2.1,2.27,2.03,2.03,1.97,2.05,2.25
U.S.,AA0075,Product-75,U.S.,2nd Most Important,n,4:Decline,Freq 6/6,T2,foo,230.81,11,63,MovingAverage,72,64,85,64,66,64,87,56,54,49,54,77,17772.37,66,65,85,65,65,90,70,67.35,60.23,60.23,58.29,60.88,66.71,1,75,11.681631,64.763658,6,18.03732427,0,13.1361,0.1845,11.5261,10.95,SH ,1.93656023, ,y,y, , , , ,62.82,75.77,68,64.12,70.59,62.17,67.35,60.23,60.23,58.29,60.88,66.71
U.S.,AA0076,Product-76,U.S.,Normal,n,4:Decline,Freq 5/6,,foo,51.08,6,3,MovingAverage,5,3,4,1,4,1,4,0,7,3,2,3,153.24,3,3.19,3.85,3.46,3.26,3.59,3.16,3.42,3.06,3.06,2.96,3.09,3.39,1,76,2.473051,3.291108,6,75.14341675,0,2.5454,0.7541,2.0787,5.67,SH ,1.7752967, ,y, , , , ,y,3.19,3.85,3.46,3.26,3.59,3.16,3.42,3.06,3.06,2.96,3.09,3.39
U.S.,AA0077,Product-77,U.S.,Normal,n,4:Decline,Freq 6/6,,foo,120.81,10,6,MovingAverage,13,5,4,3,8,5,8,10,4,4,3,9,1087.29,6,6.32,7.63,6.85,6.45,7.11,6.26,6.78,6.06,6.06,5.87,6.13,6.72,1,77,2.983938,6.519978,6,45.76607467,0,3.1754,0.5006,3.154,0,SH ,1.30460924, ,y, , , , , ,6.32,7.63,6.85,6.45,7.11,6.26,6.78,6.06,6.06,5.87,6.13,6.72
U.S.,AA0078,Product-78,U.S.,Normal,n,4:Decline,Freq 3/6,,foo,35.21,0,1,MovingAverage,0,1,1,2,0,1,0,1,2,0,0,2,70.42,1,0.84,1.01,0.9,0.85,0.94,0.83,0.9,0.8,0.8,0.78,0.81,0.89,1,78,1.010029,0.861259,6,117.2735495,0,1.1128,1.4,0.9722,0.12,SLP,1.13156876, ,y, , , , ,y,0.84,1.01,0.9,0.85,0.94,0.83,0.9,0.8,0.8,0.78,0.81,0.89
U.S.,AA0079,Product-79,U.S.,Most Important,y,2:Upturn,Freq 6/6,,foo,108.15,15,148,MovingAverage,122,135,163,149,183,166,161,151,173,127,131,143,15465.45,150,150,180,150,150,180,160,145.36,129.99,129.99,125.79,131.38,143.96,1,79,20.090263,150.85084,12,13.31796561,0,22.6613,0.131,20.4614,56.92,SH ,2.54769605, , ,y,y, ,y, ,135.58,163.53,146.76,138.37,152.35,134.18,145.36,129.99,129.99,125.79,131.38,143.96
U.S.,AA0080,Product-80,U.S.,Most Important,y,1:New Product,Freq 6/6,,foo,88.81,52,468,MovingAverage,408,419,510,545,534,687,631,492,484,388,397,413,36678.53,492,525,575,525,525,575,525,434.87,388.87,388.87,376.33,393.05,430.69,1,80,99.371625,494.258863,12,20.10517817,0,114.6025,0.1972,101.1665,281.55,SH ,18.42453774, , ,y, , ,y, ,405.6,489.22,439.05,413.96,455.77,401.42,434.87,388.87,388.87,376.33,393.05,430.69
U.S.,AA0081,Product-81,U.S.,Most Important,y,1:New Product,Freq 6/6,,foo,184.8,29,277,ForecastingAvg,296,276,241,320,271,278,336,255,283,270,221,294,54331.2,278,290,300,280,280,300,280,290.69,259.95,259.95,251.56,262.74,287.9,1,81,34.368297,279.510851,12,12.29587219,0,23.0667,0.0556,15.6677,97.38,SH ,4.11614167, , ,y,y, , , ,271.13,327.03,293.49,276.72,304.67,268.33,290.69,259.95,259.95,251.56,262.74,287.9
U.S.,AA0082,Product-82,U.S.,Normal,n,4:Decline,Freq 6/6,T1,foo,0.27,0,16,MovingAverage,9,41,14,5,35,23,37,8,9,16,5,19,5.13,18,15.42,18.6,16.7,15.74,17.33,15.26,16.54,14.79,14.79,14.31,14.95,16.38,1,82,11.353388,17.847781,12,63.61232245,0,11.5558,0.5664,9.8677,0,SH ,7.74463106, ,y, , , , , ,15.42,18.6,16.7,15.74,17.33,15.26,16.54,14.79,14.79,14.31,14.95,16.38
U.S.,AA0083,Product-83,U.S.,Normal,n,4:Decline,Freq 6/6,T2,foo,0.19,6,2,MovingAverage,1,10,28,0,8,4,1,1,3,1,3,4,0.76,5,2.17,2.62,2.35,2.22,2.44,2.15,2.33,2.08,2.08,2.02,2.11,2.31,1,83,1.329937,2.241452,6,59.33372653,0,3.774,0.8777,3.3889,5.63,SH ,0.75384108, ,y, , , , ,y,2.17,2.62,2.35,2.22,2.44,2.15,2.33,2.08,2.08,2.02,2.11,2.31
U.S.,AA0084,Product-84,U.S.,2nd Most Important,n,4:Decline,Freq 6/6,,foo,192.19,20,226,MovingAverage,293,294,238,249,301,261,240,198,203,219,218,280,53813.2,250,250,280,250,250,280,260,244.23,218.4,218.4,211.36,220.75,241.89,1,84,21.081171,234.840819,6,8.976791637,0,39.8566,0.1497,34.3578,19.76,SH ,1.73361796, ,y,y, , ,y, ,227.8,274.76,246.58,232.49,255.98,225.45,244.23,218.4,218.4,211.36,220.75,241.89
U.S.,AA0085,Product-85,U.S.,2nd Most Important,n,3:Mature,Freq 6/6,T1,foo,199.65,5,17,MovingAverage,20,24,32,29,24,23,26,13,14,13,19,15,2994.75,21,25,30,25,25,30,25,17.9,16,16,15.49,16.18,17.73,1,85,4.459754,17.208763,6,25.91559893,0,5.1582,0.2432,4.3656,4.8,SH ,0.75735197, ,y,y, , , ,y,16.69,20.13,18.07,17.04,18.76,16.52,17.9,16,16,15.49,16.18,17.73
U.S.,AA0086,Product-86,U.S.,Normal,n,3:Mature,Freq 6/6,T2,foo,199.65,10,5,SameAsLastYear,10,6,9,21,10,12,5,10,7,2,6,2,399.3,8,5.44,6.56,5.89,5.55,6.11,5.38,5.83,5.21,5.21,5.05,5.27,5.77,1,86,3.355469,5.605702,6,59.85814087,0,7.2163,0.7124,5.9015,0,SH ,1.91877237, ,y, , , ,y, ,5.44,6.56,5.89,5.55,6.11,5.38,5.83,5.21,5.21,5.05,5.27,5.77
U.S.,AA0087,Product-87,U.S.,Normal,n,3:Mature,Freq 6/6,T2,foo,199.65,10,6,MovingAverage,3,10,14,12,11,9,9,5,8,3,9,3,598.95,8,6.22,7.5,6.73,6.34,6.99,6.15,6.67,5.96,5.96,5.77,6.02,6.6,1,87,2.919596,6.408794,6,45.55609058,0,6.6995,0.6579,6.0455,0,SH ,1.27062149, ,y, , , ,y, ,6.22,7.5,6.73,6.34,6.99,6.15,6.67,5.96,5.96,5.77,6.02,6.6
U.S.,AA0088,Product-88,U.S.,Normal,n,3:Mature,Freq 6/6,T2,foo,199.65,10,8,SameAsLastYear,7,12,11,21,10,10,9,9,11,3,11,5,998.25,10,8.09,9.76,8.76,8.26,9.09,8.01,8.68,7.76,7.76,7.51,7.84,8.59,1,88,3.537605,8.341509,6,42.40965274,0,5.6033,0.504,5.0287,0,SH ,1.43324701, ,y, , , ,y, ,8.09,9.76,8.76,8.26,9.09,8.01,8.68,7.76,7.76,7.51,7.84,8.59
U.S.,AA0089,Product-89,U.S.,Normal,n,4:Decline,Freq 5/6,,foo,65.59,5,2,ForecastingAvg,3,1,1,3,8,3,5,3,3,0,2,1,65.59,3,2.75,2.75,2.75,2.75,2.75,2.75,2.75,2.75,2.75,2.75,2.75,2.75,1,89,2.137331,2.75,12,77.72112727,0,1.7236,0.5058,1.3789,4.9,SH ,1.68149845, , , , , , ,y,2.75,2.75,2.75,2.75,2.75,2.75,2.75,2.75,2.75,2.75,2.75,2.75
U.S.,AA0090,Product-90,U.S.,2nd Most Important,n,3:Mature,Freq 6/6,,foo,148.86,60,133,MovingAverage,139,111,120,134,122,144,187,131,98,110,149,123,18309.78,131,130,150,130,130,150,140,143.21,128.06,128.06,123.93,129.44,141.83,1,90,27.693892,137.699098,6,20.11189064,0,31.7931,0.2085,26.4477,25.96,SH ,5.69472473, ,y,y, , , ,y,133.57,161.11,144.58,136.32,150.09,132.19,143.21,128.06,128.06,123.93,129.44,141.83
U.S.,AA0091,Product-91,U.S.,Normal,n,4:Decline,Freq 3/6,,foo,71.22,3,1,MovingAverage,0,1,1,0,0,0,3,0,1,0,1,1,71.22,1,0.97,1.17,1.05,0.99,1.09,0.96,1.04,0.93,0.93,0.9,0.94,1.03,1,91,1.054738,0.999098,6,105.5690233,0,1.1567,1.1273,0.8611,0,SLP,1.06372175, ,y, , , , ,y,0.97,1.17,1.05,0.99,1.09,0.96,1.04,0.93,0.93,0.9,0.94,1.03
U.S.,AA0092,Product-92,U.S.,Normal,n,3:Mature,Freq 6/6,T1,foo,122.37,6,6,MovingAverage,2,6,4,3,3,3,7,5,1,12,6,7,856.59,5,6.42,7.74,6.95,6.55,7.21,6.35,6.88,6.15,6.15,5.95,6.22,6.81,1,92,3.935961,6.615802,6,59.49333127,0,4.1747,0.6794,3.4949,5.93,SH ,2.23700046, ,y, , , ,y, ,6.42,7.74,6.95,6.55,7.21,6.35,6.88,6.15,6.15,5.95,6.22,6.81
U.S.,AA0093,Product-93,U.S.,Normal,n,4:Decline,Freq 4/6,,foo,78.99,4,3,MovingAverage,3,2,1,2,2,0,5,0,3,1,2,4,315.96,2,2.45,2.96,2.65,2.5,2.75,2.42,2.63,2.35,2.35,2.27,2.37,2.6,1,93,1.793316,2.525961,6,70.99539542,0,1.9413,0.7692,1.6667,4.11,SH ,1.21628131, ,y, , , , ,y,2.45,2.96,2.65,2.5,2.75,2.42,2.63,2.35,2.35,2.27,2.37,2.6
U.S.,AA0094,Product-94,U.S.,Normal,n,4:Decline,Freq 4/6,,foo,98.29,2,1,MovingAverage,3,3,2,2,3,2,0,2,2,0,1,0,0,2,0.87,1.05,0.94,0.89,0.97,0.86,0.93,0.83,0.83,0.8,0.84,0.92,1,94,1.056818,0.894151,6,118.1923411,0,1.2683,0.8733,1.0818,2,SLP,1.19326468, ,y, , , ,y, ,0.87,1.05,0.94,0.89,0.97,0.86,0.93,0.83,0.83,0.8,0.84,0.92
U.S.,AA0095,Product-95,U.S.,Normal,n,3:Mature,Freq 6/6,,foo,85.26,0,4,MovingAverage,4,3,4,1,4,5,4,5,3,2,1,9,767.34,4,3.96,4.77,4.28,4.04,4.45,3.92,4.24,3.79,3.79,3.67,3.83,4.2,1,95,2.709581,4.078703,6,66.43241736,0,3.4994,0.6591,2.2871,0,SH ,1.71960675, ,y, , ,y, , ,3.96,4.77,4.28,4.04,4.45,3.92,4.24,3.79,3.79,3.67,3.83,4.2
U.S.,AA0096,Product-96,U.S.,2nd Most Important,n,3:Mature,Freq 6/6,,foo,89.24,0,129,MovingAverage,149,169,131,172,173,258,195,144,117,92,101,126,11244.24,152,160,180,160,160,180,160,138.69,124.02,124.02,120.02,125.36,137.36,1,96,32.286976,133.357382,6,24.21086521,0,65.0272,0.3727,59.1678,0,SH ,6.34434108, ,y,y, , ,y, ,129.36,156.03,140.03,132.02,145.36,128.02,138.69,124.02,124.02,120.02,125.36,137.36
U.S.,AA0097,Product-97,U.S.,Normal,n,4:Decline,Freq 3/6,,foo,83.31,0,1,MovingAverage,1,0,1,0,2,2,3,0,1,0,0,1,83.31,1,0.8,0.96,0.86,0.81,0.9,0.79,0.85,0.76,0.76,0.74,0.77,0.85,1,97,0.968527,0.902689,12,107.2935419,0,1.2546,1.027,1.0556,0.25,SLP,1.09045555, ,y, , , , , ,0.8,0.96,0.86,0.81,0.9,0.79,0.85,0.76,0.76,0.74,0.77,0.85
U.S.,AA0098,Product-98,U.S.,2nd Most Important,n,3:Mature,Freq 6/6,,foo,93.09,24,192,MovingAverage,273,238,234,179,252,196,227,171,206,158,157,232,21596.88,210,200,240,200,200,240,220,206.52,184.68,184.68,178.72,186.66,204.53,1,98,25.948306,198.577521,6,13.06709132,0,29.1517,0.1395,27.16,24.32,SH ,3.20506453, ,y,y, , , , ,192.62,232.34,208.51,196.59,216.45,190.63,206.52,184.68,184.68,178.72,186.66,204.53
U.S.,AA0099,Product-99,U.S.,Normal,n,4:Decline,Freq 5/6,T2,foo,69.04,5,4,MovingAverage,2,5,4,4,3,4,4,4,3,0,3,7,483.28,4,3.45,4.17,3.74,3.52,3.88,3.42,3.7,3.31,3.31,3.2,3.35,3.67,1,99,2.192013,3.560107,6,61.57154827,0,1.8005,0.39,1.3724,5.03,SH ,1.28934816, ,y, , , , , ,3.45,4.17,3.74,3.52,3.88,3.42,3.7,3.31,3.31,3.2,3.35,3.67
U.S.,AA0100,Product-100,U.S.,Normal,n,4:Decline,Freq 5/6,,foo,151.69,7,3,MovingAverage,10,3,3,3,4,5,7,1,0,6,2,2,303.38,4,3,3.62,3.24,3.06,3.37,2.97,3.21,2.87,2.87,2.78,2.9,3.18,1,100,2.894808,3.090352,6,93.67243602,0,2.6667,0.8445,2.5944,6.64,SH ,2.59047001, ,y, , , , , ,3,3.62,3.24,3.06,3.37,2.97,3.21,2.87,2.87,2.78,2.9,3.18
U.S.,AA0101,Product-101,U.S.,Normal,n,4:Decline,Freq 4/6,,foo,30.29,3,1,MovingAverage,0,0,1,0,0,0,1,1,1,0,3,2,60.58,1,1.33,1.61,1.44,1.36,1.5,1.32,1.43,1.28,1.28,1.24,1.29,1.42,1,101,1.082782,1.374219,6,78.79253598,0,1.4818,1.6036,1.2361,2.4,SLP,0.81502917, ,y, , , ,y, ,1.33,1.61,1.44,1.36,1.5,1.32,1.43,1.28,1.28,1.24,1.29,1.42
U.S.,AA0102,Product-102,U.S.,Normal,n,3:Mature,Freq 6/6,T2,foo,41.23,10,18,MovingAverage,42,13,17,36,20,12,19,10,13,20,13,31,1278.13,21,17.65,21.28,19.1,18.01,19.83,17.46,18.92,16.92,16.92,16.37,17.1,18.74,1,102,10.569255,20.580194,12,51.35644008,0,7.8678,0.3505,5.8278,9.91,SH ,5.86631256, ,y, , , , , ,17.65,21.28,19.1,18.01,19.83,17.46,18.92,16.92,16.92,16.37,17.1,18.74
U.S.,AA0103,Product-103,U.S.,Normal,n,4:Decline,Freq 4/6,,foo,43.33,2,1,MovingAverage,0,0,0,0,0,1,2,0,2,0,1,0,0,1,0.83,1,0.9,0.85,0.93,0.82,0.89,0.8,0.8,0.77,0.8,0.88,1,103,1.005573,0.856241,6,117.4404169,0,1.0628,1.3333,0.9444,2.13,SLP,1.12817939, ,y, , , , , ,0.83,1,0.9,0.85,0.93,0.82,0.89,0.8,0.8,0.77,0.8,0.88
U.S.,AA0104,Product-104,U.S.,2nd Most Important,n,3:Mature,Freq 6/6,,foo,191.21,9,48,MovingAverage,51,40,31,41,44,45,58,37,44,38,62,51,9751.71,45,50,60,50,50,60,50,52.1,46.59,46.59,45.08,47.09,51.6,1,104,9.593486,50.093373,6,19.15120789,0,9.9263,0.1611,7.8688,8.99,SH ,1.75239238, ,y,y, , , , ,48.59,58.61,52.6,49.59,54.6,48.09,52.1,46.59,46.59,45.08,47.09,51.6
U.S.,AA0105,Product-105,U.S.,2nd Most Important,n,3:Mature,Freq 6/6,,foo,191.21,15,29,MovingAverage,37,23,32,22,28,33,27,21,27,24,27,46,8795.66,29,35,35,35,35,35,35,30.79,27.53,27.53,26.64,27.83,30.49,1,105,7.733231,29.604118,6,26.12214625,0,8.267,0.1894,5.1352,7.25,SH ,1.72962509, ,y,y, ,y, , ,28.72,34.64,31.08,29.31,32.27,28.42,30.79,27.53,27.53,26.64,27.83,30.49
U.S.,AA0106,Product-106,U.S.,2nd Most Important,n,4:Decline,Freq 6/6,,foo,191.21,5,17,MovingAverage,25,17,24,17,22,19,13,11,24,15,15,21,4015.41,19,25,25,25,25,25,25,17.88,15.99,15.99,15.47,16.16,17.71,1,106,5.234756,17.191145,6,30.4503045,0,6.7249,0.3325,6.0599,4.91,SH ,1.10953372, ,y,y, , , ,y,16.68,20.11,18.05,17.02,18.74,16.5,17.88,15.99,15.99,15.47,16.16,17.71
U.S.,AA0107,Product-107,U.S.,2nd Most Important,n,4:Decline,Freq 6/6,,foo,191.21,11,29,MovingAverage,39,20,18,22,13,24,24,21,21,25,27,54,10325.34,26,35,35,35,35,35,35,30.71,27.46,27.46,26.57,27.76,30.41,1,107,11.543233,29.527763,6,39.09281242,0,8.2271,0.2019,5.3488,10.82,SH ,3.85351375, ,y,y, ,y, , ,28.64,34.55,31,29.23,32.19,28.35,30.71,27.46,27.46,26.57,27.76,30.41
U.S.,AA0108,Product-108,U.S.,Normal,n,4:Decline,Freq 6/6,T2,foo,38.67,0,7,MovingAverage,11,4,8,5,8,14,7,4,9,5,5,12,464.04,8,6.99,8.43,7.57,7.13,7.85,6.92,7.49,6.7,6.7,6.49,6.77,7.42,1,108,2.85692,7.205742,6,39.6478253,0,3.0274,0.3482,2.5488,0,SH ,1.08209264, ,y, , , , , ,6.99,8.43,7.57,7.13,7.85,6.92,7.49,6.7,6.7,6.49,6.77,7.42
U.S.,AA0109,Product-109,U.S.,Normal,n,4:Decline,Freq 6/6,,foo,150.38,2,3,MovingAverage,3,2,3,3,3,4,3,2,2,1,5,3,451.14,3,2.67,3.22,2.89,2.73,3,2.64,2.86,2.56,2.56,2.48,2.59,2.84,1,109,1.417718,2.754762,6,51.46426443,0,1.3266,0.3927,1.048,0,SH ,0.69701578, ,y, , , , , ,2.67,3.22,2.89,2.73,3,2.64,2.86,2.56,2.56,2.48,2.59,2.84
U.S.,AA0110,Product-110,U.S.,Normal,n,4:Decline,Freq 2/6,,foo,69.04,5,0,MovingAverage,1,0,3,0,0,1,0,0,0,0,1,1,69.04,1,0.33,0.4,0.36,0.34,0.37,0.33,0.35,0.32,0.32,0.31,0.32,0.35,1,110,0.52618,0.339117,6,155.1617878,0,0.7014,1.5556,0.6806,0,SLP,0.77994827, ,y, , , , , ,0.33,0.4,0.36,0.34,0.37,0.33,0.35,0.32,0.32,0.31,0.32,0.35
U.S.,AA0111,Product-111,U.S.,Normal,n,4:Decline,Freq 4/6,,foo,1.95,17,6,SameAsLastYear,0,0,0,6,6,5,0,0,10,8,16,0,0,4,5.93,7.15,6.42,6.05,6.66,5.87,6.35,5.68,5.68,5.5,5.74,6.29,1,111,7.215664,6.110476,6,118.0867743,0,8.2421,1.1905,6.9444,16.55,SH ,8.14000259, ,y, , , , , ,5.93,7.15,6.42,6.05,6.66,5.87,6.35,5.68,5.68,5.5,5.74,6.29
U.S.,AA0112,Product-112,U.S.,Most Important,y,2:Upturn,Freq 6/6,,foo,29.29,167,381,MovingAverage,594,483,318,749,383,680,431,555,307,306,288,400,11716,458,500,550,500,500,550,500,358.71,320.77,320.77,310.42,324.22,355.26,1,112,163.023975,460.030101,12,35.43767563,0,163.0527,0.3427,153.8343,147.14,SH ,51.98556535, , ,y,y, ,y, ,334.56,403.55,362.16,341.46,375.95,331.11,358.71,320.77,320.77,310.42,324.22,355.26
U.S.,AA0113,Product-113,U.S.,Normal,n,4:Decline,Freq 6/6,,foo,72,0,343,WintersMultiplicative,180,550,304,186,667,572,337,606,152,462,303,195,14040,376,450,450,450,450,450,450,338.55,605.63,150.47,462.69,304.7,195.61,1,113,1.864074,376.274212,12,0.495403071,0,220.6772,0.4578,192.8348,0,SH ,0.00782713, , ,y, , ,y, ,180.56,549.2,304.7,184.32,665.82,571.77,338.55,605.63,150.47,462.69,304.7,195.61
U.S.,AA0114,Product-114,U.S.,Normal,n,4:Decline,Freq 6/6,,foo,72,0,296,MovingAverage,317,358,315,606,574,604,336,292,344,247,263,294,21168,379,271.49,327.47,293.88,277.09,305.08,268.69,291.09,260.3,260.3,251.9,263.1,288.29,1,114,36.123246,307.76941,6,11.73711384,0,398.1065,0.6293,271.7667,0,SH ,4.47963266, ,y, ,y,y, , ,271.49,327.47,293.88,277.09,305.08,268.69,291.09,260.3,260.3,251.9,263.1,288.29
U.S.,AA0115,Product-115,U.S.,Most Important,y,2:Upturn,Freq 6/6,,foo,31.51,133,296,ForecastingAvg,315,567,269,883,320,355,327,281,280,399,206,283,8917.33,374,400,450,400,400,450,400,387.9,346.87,346.87,335.68,350.6,384.17,1,115,179.878537,372.977117,12,48.22776755,0,168.2587,0.4166,153.6672,509.66,SH ,78.4663777, , ,y,y, , ,y,361.79,436.38,391.63,369.25,406.55,358.06,387.9,346.87,346.87,335.68,350.6,384.17
U.S.,AA0116,Product-116,U.S.,Normal,n,4:Decline,Freq 1/6,,foo,66.07,3,0,MovingAverage,1,0,1,0,0,0,0,0,1,0,0,0,0,0,0.17,0.21,0.19,0.18,0.2,0.17,0.19,0.17,0.17,0.16,0.17,0.18,1,116,0.438977,0.179211,6,244.9498078,0,0.4811,1.4167,0.4722,0,SLP,1.03317462, ,y, , , , ,y,0.17,0.21,0.19,0.18,0.2,0.17,0.19,0.17,0.17,0.16,0.17,0.18
U.S.,AA0117,Product-117,U.S.,Normal,n,4:Decline,Freq 6/6,,foo,106.27,3,4,MovingAverage,10,5,0,10,4,2,3,5,6,1,3,3,318.81,4,3.54,4.28,3.84,3.62,3.98,3.51,3.8,3.4,3.4,3.29,3.44,3.76,1,117,1.929503,3.654632,6,52.79609548,0,2.3032,0.4443,1.9359,2.95,SH ,0.97318235, ,y, , , , ,y,3.54,4.28,3.84,3.62,3.98,3.51,3.8,3.4,3.4,3.29,3.44,3.76
U.S.,AA0118,Product-118,U.S.,Normal,n,4:Decline,Freq 0/6,,foo,47.36,3,0,MovingAverage,0,0,1,1,1,0,0,0,0,0,0,0,0,0,0,0,0,0,0,0,0,0,0,0,0,0,1,118,0,0,6,0.00E+00,0,0.8532,2,0.7917,0,SL ,0.00E+00, ,y, , , , , ,0,0,0,0,0,0,0,0,0,0,0,0
U.S.,AA0119,Product-119,U.S.,Normal,n,4:Decline,Freq 6/6,T3,foo,39.46,15,22,MovingAverage,26,17,32,26,31,19,32,9,43,15,9,26,1025.96,24,22.34,26.94,24.18,22.8,25.1,22.11,23.95,21.42,21.42,20.73,21.65,23.72,1,119,14.16454,23.027844,6,61.51049139,0,12.8585,0.5115,11.6917,21.33,SH ,8.32335987, ,y, , , , , ,22.34,26.94,24.18,22.8,25.1,22.11,23.95,21.42,21.42,20.73,21.65,23.72
U.S.,AA0120,Product-120,U.S.,2nd Most Important,n,4:Decline,Freq 6/6,T1,foo,44.34,0,577,MovingAverage,767,823,767,747,766,1077,544,587,628,493,581,630,27934.2,701,574.73,693.23,622.13,586.58,645.83,568.8,616.2,551.03,551.03,533.25,556.95,610.28,1,120,56.10102,601.173651,6,9.331915979,0,158.9273,0.1659,104.4153,0,SH ,5.07454241, ,y, , , , ,y,574.73,693.23,622.13,586.58,645.83,568.8,616.2,551.03,551.03,533.25,556.95,610.28
U.S.,AA0121,Product-121,U.S.,Normal,n,4:Decline,Freq 0/6,,foo,2.17,0,0,MovingAverage,0,0,0,0,0,0,0,0,0,0,0,0,0,0,0,0,0,0,0,0,0,0,0,0,0,0,1,121,0,0,6,0.00E+00,0,0.6526,2,0.6111,0,SL ,0.00E+00, ,y, , , , , ,0,0,0,0,0,0,0,0,0,0,0,0
U.S.,AA0122,Product-122,U.S.,Normal,n,4:Decline,Freq 3/6,,foo,70.91,0,1,MovingAverage,0,1,1,0,1,0,0,1,0,1,4,2,141.82,1,1.36,1.63,1.47,1.38,1.52,1.34,1.45,1.3,1.3,1.26,1.31,1.44,1,122,1.584626,1.397241,6,113.4110722,0,1.6576,1.4154,1.2778,0.32,SLP,1.71683754, ,y, , , ,y, ,1.36,1.63,1.47,1.38,1.52,1.34,1.45,1.3,1.3,1.26,1.31,1.44
U.S.,AA0123,Product-123,U.S.,Normal,n,3:Mature,Freq 6/6,T1,foo,32.73,4,13,MovingAverage,9,19,13,11,20,15,21,17,10,10,13,9,294.57,14,13.4,16.17,14.51,13.68,15.06,13.26,14.37,12.85,12.85,12.44,12.99,14.23,1,123,3.846174,13.82389,12,27.82266063,0,4.4476,0.2915,4.1218,3.61,SH ,1.02278449, ,y, , , ,y, ,13.4,16.17,14.51,13.68,15.06,13.26,14.37,12.85,12.85,12.44,12.99,14.23
U.S.,AA0124,Product-124,U.S.,Normal,n,4:Decline,Freq 3/6,,foo,21.08,0,1,MovingAverage,2,1,1,0,0,0,1,1,0,1,0,0,0,1,0.51,0.61,0.55,0.52,0.57,0.5,0.55,0.49,0.49,0.47,0.49,0.54,1,124,0.576847,0.524653,6,109.9482896,0,0.5148,1.0638,0.3472,0.24,SLP,0.60589324, ,y, , , , ,y,0.51,0.61,0.55,0.52,0.57,0.5,0.55,0.49,0.49,0.47,0.49,0.54
U.S.,AA0125,Product-125,U.S.,Normal,n,4:Decline,Freq 3/6,T2,foo,39.35,0,0,MovingAverage,0,4,1,1,0,2,0,1,1,0,0,0,0,1,0.35,0.42,0.38,0.35,0.39,0.34,0.37,0.33,0.33,0.32,0.34,0.37,1,125,0.555266,0.358423,6,154.9191877,0,0.4577,0.717,0.2639,0,SLP,0.82177591, ,y, , , , , ,0.35,0.42,0.38,0.35,0.39,0.34,0.37,0.33,0.33,0.32,0.34,0.37
U.S.,AA0126,Product-126,U.S.,2nd Most Important,n,3:Mature,Freq 6/6,T1,foo,41.63,30,42,MovingAverage,40,38,38,31,37,38,55,22,71,22,37,43,1790.09,39,41.78,50.4,45.23,42.64,46.95,41.35,44.8,40.06,40.06,38.77,40.49,44.37,1,126,20.077687,56.386523,35,35.60724431,0,19.2806,0.394,16,30.24,SH ,8.94064124, ,y, , , , , ,41.78,50.4,45.23,42.64,46.95,41.35,44.8,40.06,40.06,38.77,40.49,44.37
U.S.,AA0127,Product-127,U.S.,Normal,n,3:Mature,Freq 6/6,T1,foo,41.63,50,37,MovingAverage,20,16,23,1,34,11,17,13,23,29,85,56,2331.28,27,45,45,45,45,45,45,40.23,35.97,35.97,34.81,36.36,39.84,1,127,29.219788,38.678753,6,75.54480363,0,28.5653,0.6463,18.5661,44.01,SH ,19.20482237, ,y,y, , ,y, ,37.52,45.25,40.61,38.29,42.16,37.13,40.23,35.97,35.97,34.81,36.36,39.84
U.S.,AA0128,Product-128,U.S.,Normal,n,4:Decline,Freq 2/6,,foo,55.35,3,0,MovingAverage,0,0,1,0,1,1,1,0,0,0,0,0,0,0,0.16,0.19,0.17,0.16,0.17,0.15,0.17,0.15,0.15,0.14,0.15,0.17,1,128,0.392546,0.160256,6,244.9493311,0,0.4153,1.4595,0.375,0,SLP,0.9185708, ,y, , , , ,y,0.16,0.19,0.17,0.16,0.17,0.15,0.17,0.15,0.15,0.14,0.15,0.17
U.S.,AA0129,Product-129,U.S.,Normal,n,3:Mature,Freq 6/6,,foo,67,0,143,MovingAverage,339,243,173,352,322,201,182,173,151,87,61,202,13534,207,220,240,220,220,240,220,123.99,110.88,110.88,107.3,112.07,122.8,1,129,89.384004,205.278836,12,43.54272742,0,148.4081,0.6604,140.6681,0,SH ,35.84941335, , ,y,y, ,y, ,115.65,139.49,125.19,118.03,129.96,114.46,123.99,110.88,110.88,107.3,112.07,122.8
U.S.,AA0130,Product-130,U.S.,Normal,n,3:Mature,Freq 6/6,,foo,54,84,280,MovingAverage,385,475,214,418,364,338,250,348,401,238,222,220,11880,323,310,360,310,310,360,310,247.59,221.4,221.4,214.26,223.78,245.21,1,130,86.051367,322.909834,12,26.64872913,0,129.0881,0.3341,112.1671,83.55,SH ,23.11208354, , ,y,y, ,y, ,230.93,278.54,249.97,235.69,259.5,228.55,247.59,221.4,221.4,214.26,223.78,245.21
U.S.,AA0131,Product-131,U.S.,Normal,n,4:Decline,Freq 4/6,,foo,21.65,8,3,MovingAverage,4,8,0,5,0,4,0,4,0,5,10,0,0,3,3.31,4,3.59,3.38,3.72,3.28,3.55,3.18,3.18,3.07,3.21,3.52,1,131,3.454941,3.389452,12,101.9321412,0,4.131,1.1963,3.5556,8.21,SH ,3.35769775, ,y, , , , , ,3.31,4,3.59,3.38,3.72,3.28,3.55,3.18,3.18,3.07,3.21,3.52
U.S.,AA0132,Product-132,U.S.,2nd Most Important,n,3:Mature,Freq 6/6,,foo,118.65,10,24,MovingAverage,20,23,20,22,18,20,22,23,19,23,23,35,4152.75,22,25,30,25,25,30,25,26.06,23.3,23.3,22.55,23.55,25.8,1,132,4.836828,25.053227,6,19.30620754,0,9.3948,0.277,5.9513,4.8,SH ,0.89088994, ,y,y, ,y, , ,24.3,29.31,26.31,24.8,27.31,24.05,26.06,23.3,23.3,22.55,23.55,25.8
U.S.,AA0133,Product-133,U.S.,Normal,n,3:Mature,Freq 6/6,,foo,22.89,0,4,MovingAverage,3,1,2,0,2,4,2,5,1,4,5,7,160.23,3,4.03,4.86,4.36,4.11,4.53,3.99,4.32,3.86,3.86,3.74,3.91,4.28,1,133,2.207823,4.155733,6,53.12716192,0,2.6436,0.6812,2.1667,0,SH ,1.12054122, ,y, , , ,y, ,4.03,4.86,4.36,4.11,4.53,3.99,4.32,3.86,3.86,3.74,3.91,4.28
U.S.,AA0134,Product-134,U.S.,Normal,n,3:Mature,Freq 6/6,T1,foo,24.88,0,9,MovingAverage,5,15,7,3,27,4,22,9,4,5,8,6,149.28,10,8.9,10.73,9.63,9.08,10,8.8,9.54,8.53,8.53,8.25,8.62,9.45,1,134,6.201013,9.17063,6,67.6181789,0,8.7857,0.6173,7.4172,0,SH ,4.00565108, ,y, , , , ,y,8.9,10.73,9.63,9.08,10,8.8,9.54,8.53,8.53,8.25,8.62,9.45
U.S.,AA0135,Product-135,U.S.,Normal,n,4:Decline,Freq 4/6,,foo,18.29,10,2,MovingAverage,1,3,4,3,2,6,3,10,0,0,1,0,0,3,2.38,2.87,2.57,2.43,2.67,2.35,2.55,2.28,2.28,2.21,2.3,2.52,1,135,4.220249,2.450189,6,172.241774,0,4.0294,1.1705,3.5278,9.68,SH ,6.94422217, ,y, , , , ,y,2.38,2.87,2.57,2.43,2.67,2.35,2.55,2.28,2.28,2.21,2.3,2.52
U.S.,AA0136,Product-136,U.S.,Normal,n,3:Mature,Freq 6/6,,foo,19.84,0,3,MovingAverage,5,6,4,3,4,9,5,6,1,1,2,3,59.52,4,2.99,3.6,3.24,3.05,3.36,2.96,3.2,2.87,2.87,2.77,2.9,3.17,1,136,2.350963,4.054447,12,57.98480039,0,2.5157,0.5233,2.0278,0,SH ,1.71375084, ,y, , , , ,y,2.99,3.6,3.24,3.05,3.36,2.96,3.2,2.87,2.87,2.77,2.9,3.17
U.S.,AA0137,Product-137,U.S.,Normal,n,4:Decline,Freq 3/6,,foo,29.39,0,1,ForecastingAvg,0,2,0,0,0,0,3,0,1,1,0,0,0,1,0.83,0.83,0.83,0.83,0.83,0.83,0.83,0.83,0.83,0.83,0.83,0.83,1,137,1.169045,0.833333,6,140.2854561,0,1.2565,1.4348,0.9167,0,SLP,1.66008174, ,y, , , , ,y,0.83,0.83,0.83,0.83,0.83,0.83,0.83,0.83,0.83,0.83,0.83,0.83
U.S.,AA0138,Product-138,U.S.,Normal,n,4:Decline,Freq 4/6,,foo,85.41,2,1,ForecastingAvg,0,0,1,2,0,2,2,0,0,1,1,1,85.41,1,0.83,0.83,0.83,0.83,0.83,0.83,0.83,0.83,0.83,0.83,0.83,0.83,1,138,0.834847,0.833333,12,100.1816801,0,0.6838,0.75,0.5833,2.37,SLP,0.84660494, , , , , , , ,0.83,0.83,0.83,0.83,0.83,0.83,0.83,0.83,0.83,0.83,0.83,0.83
U.S.,AA0139,Product-139,U.S.,Normal,n,4:Decline,Freq 4/6,,foo,85.41,5,1,ForecastingAvg,3,0,1,5,2,2,2,1,2,0,0,0,0,2,1.5,1.5,1.5,1.5,1.5,1.5,1.5,1.5,1.5,1.5,1.5,1.5,1,139,1.507557,1.5,12,100.5038,0,1.2002,0.8794,1.068,3.26,SLP,1.53370495, , , , , ,y, ,1.5,1.5,1.5,1.5,1.5,1.5,1.5,1.5,1.5,1.5,1.5,1.5
U.S.,AA0140,Product-140,U.S.,Normal,n,4:Decline,Freq 3/6,,foo,85.41,0,1,ForecastingAvg,1,1,0,1,0,1,1,1,0,0,0,2,170.82,1,0.67,0.67,0.67,0.67,0.67,0.67,0.67,0.67,0.67,0.67,0.67,0.67,1,140,0.651339,0.666667,12,97.70080115,0,0.7847,0.96,0.6667,0,SLP,0.64415563, , , , , , , ,0.67,0.67,0.67,0.67,0.67,0.67,0.67,0.67,0.67,0.67,0.67,0.67
U.S.,AA0141,Product-141,U.S.,Normal,n,3:Mature,Freq 6/6,,foo,85.41,2,4,MovingAverage,0,1,1,4,1,5,6,3,4,3,4,6,512.46,3,4.34,5.23,4.69,4.43,4.87,4.29,4.65,4.16,4.16,4.02,4.2,4.61,1,141,2.05764,3.223605,12,63.83040106,0,1.6331,0.3578,1.3194,2.03,SH ,0.90459077, , , , , , ,y,4.34,5.23,4.69,4.43,4.87,4.29,4.65,4.16,4.16,4.02,4.2,4.61
U.S.,AA0142,Product-142,U.S.,Normal,n,3:Mature,Freq 6/6,T4,foo,177.95,0,3,MovingAverage,2,2,2,2,8,3,2,3,2,3,1,5,889.75,3,2.99,3.61,3.24,3.05,3.36,2.96,3.21,2.87,2.87,2.78,2.9,3.18,1,142,1.332736,2.758492,6,48.31393385,0,1.7158,0.5324,1.504,0,SH ,0.55022817, ,y, , , , , ,2.99,3.61,3.24,3.05,3.36,2.96,3.21,2.87,2.87,2.78,2.9,3.18
U.S.,AA0143,Product-143,U.S.,2nd Most Important,n,3:Mature,Freq 6/6,,foo,185.99,0,24,MovingAverage,34,29,21,15,28,27,39,24,21,23,15,20,3719.8,25,30,35,25,25,35,25,25.45,22.76,22.76,22.02,23,25.2,1,143,7.406844,24.469596,6,30.26958026,0,8.5969,0.2607,7.0959,0,SH ,1.86700313, ,y,y, , , ,y,23.74,28.63,25.69,24.22,26.67,23.49,25.45,22.76,22.76,22.02,23,25.2
U.S.,AA0144,Product-144,U.S.,Normal,n,3:Mature,Freq 6/6,,foo,77.26,5,3,MovingAverage,6,1,1,1,2,1,1,1,3,2,5,5,386.3,2,2.85,3.44,3.09,2.91,3.21,2.83,3.06,2.74,2.74,2.65,2.77,3.03,1,144,1.952807,2.461469,12,79.33502311,0,1.8835,0.6692,1.4656,2.94,SH ,1.23784619, ,y, , , ,y, ,2.85,3.44,3.09,2.91,3.21,2.83,3.06,2.74,2.74,2.65,2.77,3.03
U.S.,AA0145,Product-145,U.S.,Normal,n,4:Decline,Freq 2/6,,foo,107.46,3,0,MovingAverage,0,0,0,1,0,3,0,1,0,0,0,0,0,0,0.17,0.21,0.19,0.18,0.2,0.17,0.19,0.17,0.17,0.16,0.17,0.18,1,145,0.438977,0.179211,6,244.9498078,0,0.4236,1.5429,0.375,0,SLP,1.02722408, ,y, , , , , ,0.17,0.21,0.19,0.18,0.2,0.17,0.19,0.17,0.17,0.16,0.17,0.18
U.S.,AA0146,Product-146,U.S.,Normal,n,4:Decline,Freq 6/6,,foo,41.05,0,2,MovingAverage,3,2,0,2,6,3,6,1,2,1,1,1,41.05,2,1.96,2.37,2.12,2,2.21,1.94,2.1,1.88,1.88,1.82,1.9,2.08,1,146,1.887179,2.023475,6,93.26426074,0,1.8505,0.6912,1.5257,0,SH ,1.68141642, ,y, , , , , ,1.96,2.37,2.12,2,2.21,1.94,2.1,1.88,1.88,1.82,1.9,2.08
U.S.,AA0147,Product-147,U.S.,2nd Most Important,n,4:Decline,Freq 6/6,T1,foo,232.86,19,96,MovingAverage,156,135,103,108,107,91,111,101,98,68,91,104,24217.44,106,100,120,100,100,120,100,102.97,92.08,92.08,89.11,93.07,101.98,1,147,19.993167,105.866376,12,18.88528516,0,13.0282,0.0966,9.2345,18.74,SH ,3.80553833, ,y,y, , , , ,96.04,115.84,103.96,98.02,107.92,95.05,102.97,92.08,92.08,89.11,93.07,101.98
U.S.,AA0148,Product-148,U.S.,Normal,n,4:Decline,Freq 2/6,,foo,100.82,1,0,MovingAverage,2,1,1,1,1,1,1,0,0,0,0,0,0,1,0.16,0.19,0.17,0.16,0.17,0.15,0.17,0.15,0.15,0.14,0.15,0.17,1,148,0.392546,0.160256,6,244.9493311,0,0.8722,1.4103,0.7972,0,SLP,0.9185708, ,y, , , ,y, ,0.16,0.19,0.17,0.16,0.17,0.15,0.17,0.15,0.15,0.14,0.15,0.17
U.S.,AA0149,Product-149,U.S.,Normal,n,4:Decline,Freq 3/6,,foo,356.69,3,0,MovingAverage,1,1,0,1,0,2,0,0,1,1,0,0,0,1,0.35,0.43,0.38,0.36,0.4,0.35,0.38,0.34,0.34,0.33,0.34,0.38,1,149,0.564635,0.364397,6,154.9505073,0,0.4907,1.1034,0.4444,0,SLP,0.83581142, ,y, , , , , ,0.35,0.43,0.38,0.36,0.4,0.35,0.38,0.34,0.34,0.33,0.34,0.38
U.S.,AA0150,Product-150,U.S.,Normal,n,4:Decline,Freq 3/6,,foo,111.15,0,1,MovingAverage,0,1,0,0,0,0,1,0,4,2,0,1,111.15,1,1.37,1.65,1.48,1.4,1.54,1.35,1.47,1.31,1.31,1.27,1.32,1.45,1,150,1.307723,0.775868,12,168.549676,0,1.744,1.2676,1.25,0.28,SLP,1.15925718, ,y, , , , ,y,1.37,1.65,1.48,1.4,1.54,1.35,1.47,1.31,1.31,1.27,1.32,1.45
U.S.,AA0151,Product-151,U.S.,Normal,n,4:Decline,Freq 0/6,,foo,2.24,0,0,MovingAverage,0,0,3,1,0,0,0,0,0,0,0,0,0,0,0,0,0,0,0,0,0,0,0,0,0,0,1,151,0,0,6,0.00E+00,0,0.3519,2,0.3194,0,SL ,0.00E+00, ,y, , , , , ,0,0,0,0,0,0,0,0,0,0,0,0
U.S.,AA0152,Product-152,U.S.,Normal,n,4:Decline,Freq 3/6,,foo,36.56,0,1,MovingAverage,0,1,0,1,1,0,1,0,1,0,1,0,0,1,0.5,0.6,0.54,0.51,0.56,0.5,0.54,0.48,0.48,0.47,0.49,0.53,1,152,0.56748,0.516773,6,109.8122386,0,0.459,0.8824,0.4167,0.27,SLP,0.59531733, ,y, , , , , ,0.5,0.6,0.54,0.51,0.56,0.5,0.54,0.48,0.48,0.47,0.49,0.53
U.S.,AA0153,Product-153,U.S.,2nd Most Important,n,4:Decline,Freq 6/6,,foo,151.12,8,35,MovingAverage,53,79,56,27,41,47,39,43,36,19,28,42,6347.04,43,50,50,50,50,50,50,37.11,33.19,33.19,32.12,33.55,36.76,1,153,8.909383,35.68688,6,24.96542987,0,9.3156,0.1922,7.3346,8.35,SH ,1.60696971, ,y,y, , , , ,34.62,41.75,37.47,35.33,38.9,34.26,37.11,33.19,33.19,32.12,33.55,36.76
U.S.,AA0154,Product-154,U.S.,2nd Most Important,n,4:Decline,Freq 6/6,,foo,90.32,6,20,MovingAverage,22,50,29,36,26,25,27,21,28,16,14,15,1354.8,26,30,35,30,30,35,30,21.82,19.51,19.51,18.88,19.72,21.61,1,154,6.311329,20.980702,6,30.08159117,0,6.8378,0.2814,6.4491,5.92,SH ,1.27672929, ,y,y, , ,y, ,20.35,24.55,22.03,20.77,22.87,20.14,21.82,19.51,19.51,18.88,19.72,21.61
U.S.,AA0155,Product-155,U.S.,Normal,n,4:Decline,Freq 6/6,,foo,64.96,10,23,MovingAverage,35,51,36,28,34,25,22,43,23,17,14,18,1169.28,29,23.18,27.96,25.09,23.66,26.05,22.94,24.85,22.22,22.22,21.51,22.46,24.61,1,155,11.442478,23.896637,6,47.8832147,0,11.2636,0.4052,9.8502,0,SH ,5.23420078, ,y, , , , , ,23.18,27.96,25.09,23.66,26.05,22.94,24.85,22.22,22.22,21.51,22.46,24.61
U.S.,AA0156,Product-156,U.S.,Normal,n,4:Decline,Freq 4/6,,foo,166.13,8,4,MovingAverage,8,5,3,1,3,5,7,2,5,0,0,9,1495.17,4,3.72,4.48,4.02,3.79,4.18,3.68,3.99,3.56,3.56,3.45,3.6,3.95,1,156,3.661997,3.832586,6,95.54898442,0,4.269,1.0673,3.6123,8.4,SH ,3.34265149, ,y, , , , , ,3.72,4.48,4.02,3.79,4.18,3.68,3.99,3.56,3.56,3.45,3.6,3.95
U.S.,AA0157,Product-157,U.S.,Normal,n,4:Decline,Freq 3/6,,foo,205.58,0,1,MovingAverage,1,1,0,0,1,0,1,0,2,1,0,0,0,1,0.68,0.82,0.74,0.7,0.77,0.68,0.73,0.65,0.65,0.63,0.66,0.72,1,157,0.873085,0.703865,6,124.0415421,0,0.7005,0.8511,0.5556,0,SLP,1.0345959, ,y, , , , , ,0.68,0.82,0.74,0.7,0.77,0.68,0.73,0.65,0.65,0.63,0.66,0.72
U.S.,AA0158,Product-158,U.S.,2nd Most Important,n,4:Decline,Freq 6/6,,foo,119.37,19,98,SameAsLastYear,94,131,113,129,180,114,134,96,101,81,65,108,12891.96,112,100,110,100,100,110,100,104.81,93.72,93.72,90.7,94.73,103.8,1,158,19.940963,100.779569,6,19.78671193,0,35.5513,0.2731,30.8349,18.69,SH ,3.90172467, ,y,y, , ,y, ,97.76,117.91,105.82,99.77,109.85,96.75,104.81,93.72,93.72,90.7,94.73,103.8
U.S.,AA0159,Product-159,U.S.,Normal,n,4:Decline,Freq 6/6,,foo,47.37,2,2,MovingAverage,4,6,1,8,6,7,3,3,2,1,1,4,189.48,4,2.31,2.79,2.51,2.36,2.6,2.29,2.48,2.22,2.22,2.15,2.24,2.46,1,159,1.151113,2.386566,6,48.23302603,0,1.7006,0.6029,1.5823,0,SH ,0.5304073, ,y, , , , , ,2.31,2.79,2.51,2.36,2.6,2.29,2.48,2.22,2.22,2.15,2.24,2.46
U.S.,AA0160,Product-160,U.S.,Normal,n,4:Decline,Freq 3/6,,foo,305.64,0,1,MovingAverage,0,9,0,1,0,1,1,0,0,1,0,2,611.28,1,0.65,0.78,0.7,0.66,0.73,0.64,0.7,0.62,0.62,0.6,0.63,0.69,1,160,2.162319,1.146539,12,188.5953291,0,1.1324,1.1864,0.9722,0,SLP,6.67601726, ,y, , , , , ,0.65,0.78,0.7,0.66,0.73,0.64,0.7,0.62,0.62,0.6,0.63,0.69
U.S.,AA0161,Product-161,U.S.,Normal,n,4:Decline,Freq 3/6,,foo,90.69,0,1,MovingAverage,1,0,0,0,0,1,0,0,1,2,0,1,90.69,1,0.69,0.83,0.75,0.7,0.78,0.68,0.74,0.66,0.66,0.64,0.67,0.73,1,161,0.894492,0.711394,6,125.7379174,0,0.8129,1.2184,0.7361,0,SLP,1.07445862, ,y, , , , , ,0.69,0.83,0.75,0.7,0.78,0.68,0.74,0.66,0.66,0.64,0.67,0.73
U.S.,AA0162,Product-162,U.S.,Normal,n,4:Decline,Freq 4/6,,foo,64.37,2,1,MovingAverage,0,0,0,2,0,3,1,0,1,1,0,0,0,1,0.51,0.61,0.55,0.52,0.57,0.5,0.55,0.49,0.49,0.47,0.49,0.54,1,162,0.576847,0.524653,6,109.9482896,0,0.493,0.9412,0.4444,2.24,SLP,0.60589324, ,y, , , , , ,0.51,0.61,0.55,0.52,0.57,0.5,0.55,0.49,0.49,0.47,0.49,0.54
U.S.,AA0163,Product-163,U.S.,Most Important,y,2:Upturn,Freq 6/6,,foo,142.11,55,510,ForecastingLR,535,595,661,663,626,627,653,591,483,444,424,466,66223.26,564,550,600,525,525,600,550,443.03,385.91,375.66,353.61,358.96,381.97,1,163,78.697311,563.858232,12,13.95693217,0,83.8186,0.1317,71.9348,222.98,SH ,11.20323212, , ,y, , ,y, ,477.4,562.93,493.61,454.49,488.37,419.54,443.03,385.91,375.66,353.61,358.96,381.97
U.S.,AA0164,Product-164,U.S.,Most Important,y,1:New Product,Freq 6/6,,foo,196.84,175,1617,MovingAverage,1811,1753,1401,1539,1519,1715,1788,1548,1655,1612,1380,1717,337974.28,1620,1750,1900,1750,1750,1900,1800,1707.74,1527.12,1527.12,1477.86,1543.54,1691.32,1,164,173.727146,1626.972641,12,10.67793899,0,103.2861,0.0542,89.0021,492.23,SH ,16.9471324, , ,y,y, , , ,1592.8,1921.21,1724.17,1625.64,1789.85,1576.38,1707.74,1527.12,1527.12,1477.86,1543.54,1691.32
U.S.,AA0165,Product-165,U.S.,Most Important,y,1:New Product,Freq 6/6,,foo,315.79,45,434,ForecastingAvg,397,392,394,420,386,494,504,446,405,368,391,488,154105.52,424,450,520,450,450,520,475,442.94,396.09,396.09,383.31,400.35,438.68,1,165,54.952652,425.901273,12,12.90267381,0,24.986,0.0522,22.9985,155.7,SH ,6.4450992, , ,y, , , , ,413.12,498.3,447.2,421.64,464.23,408.87,442.94,396.09,396.09,383.31,400.35,438.68
U.S.,AA0166,Product-166,U.S.,Most Important,y,2:Upturn,Freq 6/6,,foo,160,4,40,ForecastingAvg,19,22,34,39,39,36,57,54,50,30,21,30,4800,36,35,45,35,35,45,35,37.69,33.7,33.7,32.62,34.07,37.33,1,166,13.444726,36.240115,12,37.09901583,0,15.2614,0.2859,12.8414,38.09,SH ,4.75942797, , ,y, , ,y, ,35.15,42.4,38.05,35.88,39.5,34.79,37.69,33.7,33.7,32.62,34.07,37.33
U.S.,AA0167,Product-167,U.S.,Most Important,y,2:Upturn,Freq 6/6,,foo,178.95,13,106,MovingAverage,83,166,137,161,156,156,145,146,89,62,72,119,21295.05,124,130,150,130,130,150,130,90.49,80.92,80.92,78.31,81.79,89.62,1,167,34.948401,108.854977,6,32.1054691,0,42.1295,0.3136,36.7421,99.02,SH ,9.02877713, ,y,y, , , ,y,84.4,101.8,91.36,86.14,94.84,83.53,90.49,80.92,80.92,78.31,81.79,89.62
U.S.,AA0168,Product-168,U.S.,Most Important,y,2:Upturn,Freq 6/6,,foo,26,45,401,ForecastingWA,526,548,484,590,470,675,684,499,392,321,204,306,7956,475,450,500,500,525,550,575,451.06,403.35,403.35,390.34,407.69,446.72,1,168,143.204464,474.033824,12,30.20975651,0,187.9558,0.3519,171.2463,129.25,SH ,42.94518155, , ,y, , ,y, ,420.7,507.44,455.39,429.37,472.74,416.36,451.06,403.35,403.35,390.34,407.69,446.72
U.S.,AA0169,Product-169,U.S.,Most Important,n,3:Mature,Freq 6/6,,foo,389.47,15,126,MovingAverage,144,129,107,127,83,114,133,92,147,106,105,172,66988.84,122,150,170,150,150,170,150,137.44,122.91,122.91,118.94,124.23,136.12,1,169,25.954006,122.094871,12,21.25724511,19,22.0754,0.1462,17.9551,73.54,SH ,4.3442078, , ,y, , , , ,128.19,154.62,138.76,130.84,144.05,126.87,137.44,122.91,122.91,118.94,124.23,136.12
U.S.,AA0170,Product-170,U.S.,Most Important,y,2:Upturn,Freq 6/6,,foo,98.89,24,243,ForecastingWA,264,264,293,245,281,324,316,296,269,158,140,280,27689.2,261,240,290,260,250,280,260,263.96,236.04,236.04,228.43,238.58,261.42,1,170,55.297185,260.611327,12,21.21825848,0,65.3891,0.1676,43.7022,156.68,SH ,11.74037979, , ,y,y, ,y, ,246.19,296.95,266.5,251.27,276.65,243.65,263.96,236.04,236.04,228.43,238.58,261.42
U.S.,AA0171,Product-171,U.S.,Most Important,y,2:Upturn,Freq 6/6,,foo,131.58,30,283,MovingAverage,309,303,311,310,304,365,405,360,293,128,181,333,43816.14,300,300,350,300,300,350,325,228.13,204,204,197.42,206.2,225.94,1,171,102.340617,291.608333,6,35.09523063,0,107.7558,0.2606,81.6648,92.37,SH ,33.41060238, ,y,y,y, ,y, ,212.78,256.65,230.33,217.17,239.1,210.58,228.13,204,204,197.42,206.2,225.94
U.S.,AA0172,Product-172,U.S.,2nd Most Important,y,2:Upturn,Freq 6/6,,foo,26.49,45,87,WintersMultiplicative,144,137,179,186,180,194,154,107,86,71,42,59,1562.91,128,130,160,180,180,190,190,108.04,53,43.5,25.03,21.29,20.62,1,172,48.473369,220.09705,35,22.02363412,0,77.7611,0.5739,69.6142,45.44,SH ,15.06697324, ,y,y, , ,y, ,85.97,89.09,92.2,128.29,116.43,136.77,108.04,53,43.5,25.03,21.29,20.62
U.S.,AA0173,Product-173,U.S.,Most Important,y,2:Upturn,Freq 6/6,,foo,294.74,25,236,ForecastingAvg,395,308,213,197,196,244,241,222,283,175,132,365,107580.1,248,250,300,240,240,300,250,257.42,230.2,230.2,222.77,232.67,254.95,1,173,76.266378,247.522918,12,30.81184507,0,66.302,0.235,55.282,216.09,SH ,22.29436264, , ,y, , , , ,240.1,289.6,259.9,245.05,269.8,237.62,257.42,230.2,230.2,222.77,232.67,254.95
U.S.,AA0174,Product-174,U.S.,Most Important,y,2:Upturn,Freq 6/6,,foo,131.58,17,158,ForecastingAvg,163,140,132,134,141,156,199,156,166,118,141,169,22237.02,151,170,190,170,170,190,170,158.03,141.31,141.31,136.75,142.83,156.51,1,174,23.312814,151.949706,12,15.34245417,0,22.9455,0.1172,18.8334,66.05,SH ,3.10863707, , ,y, , , , ,147.39,177.78,159.55,150.43,165.63,145.87,158.03,141.31,141.31,136.75,142.83,156.51
U.S.,AA0175,Product-175,U.S.,2nd Most Important,n,4:Decline,Freq 6/6,,foo,148.91,5,32,WintersMultiplicative,38,53,62,57,50,63,54,55,30,20,15,15,2233.65,43,50,60,50,50,60,50,45.65,11.45,40.94,10.83,18.87,16.21,1,175,26.915998,60.3762,35,44.58047708,0,24.9357,0.525,21.832,0,SH ,13.79372518, ,y,y, , ,y, ,37.65,33.27,49.32,47.39,52.06,64.95,45.65,11.45,40.94,10.83,18.87,16.21
U.S.,AA0176,Product-176,U.S.,Normal,n,4:Decline,Freq 5/6,,foo,62.98,3,1,MovingAverage,3,0,1,3,0,3,1,1,2,0,2,1,62.98,1,1.18,1.42,1.28,1.2,1.32,1.17,1.26,1.13,1.13,1.09,1.14,1.25,1,176,1.210364,1.457195,12,83.06122379,0,0.8687,0.5684,0.75,2.93,SLP,1.15251951, ,y, , , , , ,1.18,1.42,1.28,1.2,1.32,1.17,1.26,1.13,1.13,1.09,1.14,1.25
U.S.,AA0177,Product-177,U.S.,2nd Most Important,n,4:Decline,Freq 6/6,,foo,132.01,0,121,WintersMultiplicative,151,157,149,112,141,154,192,109,124,82,94,125,16501.25,133,130,150,130,130,150,130,192.13,108.65,124.55,82.15,94.08,124.55,1,177,0.449372,132.580964,12,0.338941569,0,42.4636,0.305,39.3084,0,SH ,0.0014994, , ,y, , ,y, ,151.05,156.35,148.4,112.63,140.45,153.7,192.13,108.65,124.55,82.15,94.08,124.55
U.S.,AA0178,Product-178,U.S.,2nd Most Important,n,4:Decline,Freq 6/6,,foo,77.48,90,65,SameAsLastYear,71,62,57,70,65,70,59,50,67,54,69,91,7050.68,65,60,70,60,60,70,60,70.08,62.67,62.67,60.64,63.34,69.4,1,178,13.046356,67.381832,6,19.36183035,0,25.7683,0.283,17.01,12.23,SH ,2.72774912, ,y,y, ,y, , ,65.36,78.84,70.75,66.71,73.45,64.69,70.08,62.67,62.67,60.64,63.34,69.4
U.S.,AA0179,Product-179,U.S.,Normal,n,4:Decline,Freq 5/6,,foo,83,7,1,MovingAverage,3,7,5,0,1,0,1,1,1,1,3,1,83,2,1.36,1.64,1.47,1.38,1.52,1.34,1.45,1.3,1.3,1.26,1.31,1.44,1,179,0.880926,1.397592,6,63.03170024,0,1.272,0.6977,1.25,3.32,SLP,0.53045138, ,y, , , , ,y,1.36,1.64,1.47,1.38,1.52,1.34,1.45,1.3,1.3,1.26,1.31,1.44
U.S.,AA0180,Product-180,U.S.,Normal,n,3:Mature,Freq 6/6,,foo,83,10,9,MovingAverage,18,11,9,13,10,11,4,5,13,9,11,13,1079,11,9.3,11.22,10.07,9.49,10.45,9.2,9.97,8.92,8.92,8.63,9.01,9.88,1,180,4.09448,9.587413,6,42.70682821,0,4.7302,0.471,4.1485,6.17,SH ,1.67048684, ,y, , , , , ,9.3,11.22,10.07,9.49,10.45,9.2,9.97,8.92,8.92,8.63,9.01,9.88
U.S.,AA0181,Product-181,U.S.,Normal,n,4:Decline,Freq 6/6,,foo,83,7,4,MovingAverage,3,4,2,2,2,1,4,5,3,6,3,3,249,3,4.08,4.92,4.41,4.16,4.58,4.04,4.37,3.91,3.91,3.78,3.95,4.33,1,181,1.497789,4.20318,6,35.63466233,0,1.875,0.4912,1.6963,3.16,SH ,0.50988267, ,y, , , , ,y,4.08,4.92,4.41,4.16,4.58,4.04,4.37,3.91,3.91,3.78,3.95,4.33
U.S.,AA0182,Product-182,U.S.,Normal,n,4:Decline,Freq 3/6,,foo,83,7,0,MovingAverage,0,5,4,1,0,3,0,0,0,1,1,0,0,1,0.35,0.42,0.38,0.36,0.4,0.35,0.38,0.34,0.34,0.33,0.34,0.37,1,182,0.561766,0.36249,6,154.9742062,0,1.2038,1.1864,0.9722,0,SLP,0.83169082, ,y, , , , ,y,0.35,0.42,0.38,0.36,0.4,0.35,0.38,0.34,0.34,0.33,0.34,0.37
U.S.,AA0183,Product-183,U.S.,Normal,n,4:Decline,Freq 6/6,,foo,168.79,3,8,MovingAverage,10,12,7,10,13,7,8,6,6,9,5,11,1856.69,9,7.53,9.09,8.15,7.69,8.46,7.46,8.08,7.22,7.22,6.99,7.3,8,1,183,2.141384,7.765716,6,27.57484307,0,3.0728,0.3639,2.8611,2.67,SH ,0.56409809, ,y, , , , , ,7.53,9.09,8.15,7.69,8.46,7.46,8.08,7.22,7.22,6.99,7.3,8
U.S.,AA0184,Product-184,U.S.,Normal,n,4:Decline,Freq 5/6,,foo,83.92,10,3,MovingAverage,1,6,6,0,5,6,10,3,1,0,1,1,83.92,3,2.58,3.11,2.79,2.63,2.9,2.55,2.76,2.47,2.47,2.39,2.5,2.74,1,184,3.568904,2.658527,6,134.243662,0,3.5675,0.9868,3.1111,8.18,SH ,4.57694406, ,y, , , , ,y,2.58,3.11,2.79,2.63,2.9,2.55,2.76,2.47,2.47,2.39,2.5,2.74
U.S.,AA0185,Product-185,U.S.,Most Important,y,2:Upturn,Freq 6/6,,foo,32.04,467,1201,MovingAverage,1200,2452,1320,1500,1502,1432,1079,1178,1348,1079,1041,1479,47387.16,1384,1400,1500,1400,1400,1500,1400,1297.32,1160.1,1160.1,1122.68,1172.57,1284.84,1,185,273.535577,1372.555804,12,19.9289221,0,292.9142,0.1767,232.6661,775.02,SH ,52.76652953, ,y,y,y, , ,y,1210,1459.48,1309.79,1234.95,1359.69,1197.52,1297.32,1160.1,1160.1,1122.68,1172.57,1284.84
U.S.,AA0186,Product-186,U.S.,Most Important,y,2:Upturn,Freq 6/6,,foo,69.91,153,380,ForecastingWA,321,329,341,343,288,358,412,356,417,299,359,437,30550.67,355,460,500,460,460,500,460,390.63,349.32,349.32,338.05,353.07,386.88,1,186,54.562273,357.186118,12,15.2755861,0,123.8918,0.1885,66.834,154.59,SH ,6.35690705, , ,y, , ,y, ,364.34,439.46,394.39,371.85,409.41,360.59,390.63,349.32,349.32,338.05,353.07,386.88
U.S.,AA0187,Product-187,U.S.,2nd Most Important,y,2:Upturn,Freq 6/6,,foo,32.04,175,425,ForecastingAvg,99,483,864,347,342,393,375,334,387,393,406,657,21050.28,423,525,575,525,525,575,525,437.98,391.66,391.66,379.03,395.87,433.77,1,187,174.454507,421.139367,12,41.42441212,0,93.9457,0.1555,63.2077,494.29,SH ,56.78549671, , ,y, , , , ,408.51,492.73,442.2,416.93,459.04,404.29,437.98,391.66,391.66,379.03,395.87,433.77
U.S.,AA0188,Product-188,U.S.,Normal,n,4:Decline,Freq 6/6,,foo,59.94,0,2,ForecastingAvg,6,2,2,5,0,2,4,1,3,1,1,0,0,2,2.2,2.66,2.38,2.25,2.48,2.18,2.36,2.11,2.11,2.04,2.14,2.34,1,188,1.941748,2.271312,12,85.49014843,0,1.5657,0.7794,1.4722,0,SH ,1.59501365, , , , , , , ,2.2,2.66,2.38,2.25,2.48,2.18,2.36,2.11,2.11,2.04,2.14,2.34
U.S.,AA0189,Product-189,U.S.,Normal,n,4:Decline,Freq 5/6,,foo,59.94,5,2,ForecastingAvg,2,1,0,1,6,2,4,1,2,0,2,0,0,2,1.75,1.75,1.75,1.75,1.75,1.75,1.75,1.75,1.75,1.75,1.75,1.75,1,189,1.76455,1.75,12,100.8314286,0,1.5788,0.8344,1.3002,3.07,SLP,1.80350875, , , , , , , ,1.75,1.75,1.75,1.75,1.75,1.75,1.75,1.75,1.75,1.75,1.75,1.75
U.S.,AA0190,Product-190,U.S.,Normal,n,4:Decline,Freq 3/6,,foo,59.94,0,1,ForecastingAvg,2,3,0,3,3,2,5,2,0,0,0,0,0,2,1.67,1.67,1.67,1.67,1.67,1.67,1.67,1.67,1.67,1.67,1.67,1.67,1,190,1.669694,1.666667,12,100.18162,0,2.2134,1.2065,2.0694,0,SLP,1.69556054, , , , , ,y, ,1.67,1.67,1.67,1.67,1.67,1.67,1.67,1.67,1.67,1.67,1.67,1.67
U.S.,AA0191,Product-191,U.S.,Normal,n,4:Decline,Freq 4/6,,foo,59.94,3,1,ForecastingAvg,1,0,1,5,4,1,2,3,1,0,0,0,0,2,1.5,1.5,1.5,1.5,1.5,1.5,1.5,1.5,1.5,1.5,1.5,1.5,1,191,1.678744,1.5,12,111.9162667,0,1.3683,0.9229,1.2614,2.92,SLP,1.90443455, , , , , ,y, ,1.5,1.5,1.5,1.5,1.5,1.5,1.5,1.5,1.5,1.5,1.5,1.5
U.S.,AA0192,Product-192,U.S.,2nd Most Important,y,2:Upturn,Freq 4/6,,foo,85.41,8,2,ForecastingAvg,3,0,0,4,2,5,0,3,3,3,0,0,0,2,3.42,3.42,1.92,1.92,1.92,1.92,1.92,1.92,1.92,1.92,1.92,1.92,1,192,1.831955,1.916667,12,95.58024425,0,2.1616,0.8203,1.6806,4.2,SH ,1.18547546, , ,y, , ,y, ,1.92,1.92,1.92,1.92,1.92,1.92,1.92,1.92,1.92,1.92,1.92,1.92
U.S.,AA0193,Product-193,U.S.,Most Important,y,2:Upturn,Freq 6/6,,foo,64.09,80,236,ForecastingAvg,195,196,205,184,199,299,301,221,199,238,203,251,16086.59,224,240,250,230,230,250,240,234.76,209.93,209.93,203.16,212.19,232.51,1,193,44.704565,225.733609,12,19.80412452,0,35.6759,0.1179,27.832,126.66,SH ,8.41373154, , ,y,y, , , ,218.96,264.11,237.02,223.48,246.05,216.7,234.76,209.93,209.93,203.16,212.19,232.51
U.S.,AA0194,Product-194,U.S.,2nd Most Important,n,4:Decline,Freq 6/6,,foo,45.48,44,181,SameAsLastYear,267,218,218,182,127,234,182,218,220,146,107,212,9641.76,194,240,250,240,240,250,240,195.49,174.82,174.82,169.18,176.7,193.61,1,194,47.252932,187.974166,6,25.13799263,0,58.0079,0.2498,47.617,44.29,SH ,9.29480883, ,y,y, , ,y, ,182.33,219.93,197.37,186.09,204.89,180.46,195.49,174.82,174.82,169.18,176.7,193.61
U.S.,AA0195,Product-195,U.S.,Normal,n,4:Decline,Freq 6/6,,foo,87.19,37,176,ForecastingAvg,188,155,149,142,165,206,206,200,186,168,119,174,15171.06,172,200,200,200,200,200,200,188.04,168.15,168.15,162.72,169.96,186.23,1,195,39.839763,180.803927,35,22.03478855,0,39.4161,0.1636,30.4015,37.34,SH ,8.03316041, , ,y, , ,y, ,175.38,211.54,189.84,179,197.08,173.57,188.04,168.15,168.15,162.72,169.96,186.23
U.S.,AA0196,Product-196,U.S.,Most Important,y,2:Upturn,Freq 6/6,,foo,87.59,55,448,ForecastingWA,581,428,401,454,485,368,427,398,415,429,415,604,52904.36,450,550,600,550,550,600,550,477.46,426.96,426.96,413.18,431.55,472.86,1,196,73.769404,451.907782,12,16.32399506,0,54.6025,0.1145,53.3314,209.01,SH ,9.70607253, , ,y, , , ,y,445.32,537.14,482.05,454.5,500.41,440.73,477.46,426.96,426.96,413.18,431.55,472.86
U.S.,AA0197,Product-197,U.S.,2nd Most Important,n,4:Decline,Freq 6/6,,foo,160.96,0,88,ForecastingAvg,69,128,138,92,107,126,146,97,96,75,39,72,11589.12,99,100,120,100,100,120,100,102,91.21,91.21,88.27,92.19,101.02,1,197,28.860093,98.07882,12,29.42540805,0,33.423,0.3177,30.3031,0,SH ,7.92935682, , ,y, ,y, , ,95.14,114.75,102.98,97.1,106.91,94.16,102,91.21,91.21,88.27,92.19,101.02
U.S.,AA0198,Product-198,U.S.,2nd Most Important,n,4:Decline,Freq 6/6,,foo,93.11,25,63,MovingAverage,71,71,43,77,56,64,70,58,54,54,65,74,6890.14,63,64.99,78.39,70.35,66.33,73.03,64.32,69.68,62.31,62.31,60.3,62.98,69.01,1,198,5.461892,64.788566,6,8.430333217,0,6.0418,0.0754,4.6535,7.85,SH ,0.42537527, ,y, , , , , ,64.99,78.39,70.35,66.33,73.03,64.32,69.68,62.31,62.31,60.3,62.98,69.01
U.S.,AA0199,Product-199,U.S.,Most Important,y,2:Upturn,Freq 6/6,,foo,62.79,50,130,MovingAverage,97,91,153,92,140,117,128,152,125,121,79,174,10925.46,122,150,170,150,150,170,150,134.31,120.1,120.1,116.23,121.39,133.01,1,199,29.463481,122.923512,12,23.96895478,0,41.8577,0.2507,33.2538,83.48,SH ,5.59864589, , ,y, , , , ,125.27,151.09,135.6,127.85,140.76,123.97,134.31,120.1,120.1,116.23,121.39,133.01
U.S.,AA0200,Product-200,U.S.,Most Important,y,2:Upturn,Freq 6/6,,foo,89.67,100,197,ForecastingWA,297,7,12,52,122,194,109,223,197,239,287,129,11567.43,156,300,300,250,250,250,250,192.13,171.81,171.81,166.27,173.66,190.29,1,200,108.007016,161.889188,12,66.71663336,0,100.8289,0.3341,73.3317,306.02,SH ,41.52906579, , ,y, , , ,y,179.2,216.15,193.98,182.9,201.37,177.35,192.13,171.81,171.81,166.27,173.66,190.29
U.S.,AA0201,Product-201,U.S.,Most Important,y,2:Upturn,Freq 6/6,,foo,89.67,733,2033,ForecastingWA,1856,3349,1030,2258,1715,2021,1712,1494,2199,2932,1493,2370,212517.9,2036,2200,2400,2200,2200,2400,2200,2180.25,1949.64,1949.64,1886.75,1970.61,2159.28,1,201,625.039184,2040.027219,12,30.63876688,0,603.7021,0.2428,483.664,1770.95,SH ,174.1983461, , ,y,y, , , ,2033.5,2452.78,2201.21,2075.43,2285.07,2012.54,2180.25,1949.64,1949.64,1886.75,1970.61,2159.28
U.S.,AA0202,Product-202,U.S.,Most Important,y,2:Upturn,Freq 6/6,,foo,58.73,417,1192,MovingAverage,865,1007,987,1392,831,1258,1270,1203,1307,1363,812,1194,70123.62,1124,1250,1500,1300,1300,1500,1300,1226.33,1096.62,1096.62,1061.25,1108.42,1214.54,1,202,259.244582,1135.739587,12,22.82605845,0,255.5142,0.1542,186.7477,734.53,SH ,50.30678563, , ,y,y, , , ,1143.79,1379.62,1238.12,1167.37,1285.29,1132,1226.33,1096.62,1096.62,1061.25,1108.42,1214.54
U.S.,AA0203,Product-203,U.S.,Most Important,y,2:Upturn,Freq 6/6,,foo,72,233,597,ForecastingAvg,2336,665,393,717,707,380,599,563,591,634,467,726,52272,732,700,800,700,700,800,700,766.35,685.3,685.3,663.19,692.67,758.98,1,203,538.582323,736.878158,12,73.08973908,0,83.7141,0.1193,70.1669,1525.99,SH ,399.6330888, , ,y,y, , , ,714.77,862.15,773.72,729.51,803.2,707.4,766.35,685.3,685.3,663.19,692.67,758.98
U.S.,AA0204,Product-204,U.S.,Most Important,y,1:New Product,Freq 6/6,,foo,67.95,117,219,ForecastingAvg,224,267,176,496,297,308,278,159,138,236,312,191,12978.45,257,350,380,325,325,380,350,267.57,239.27,239.27,231.55,241.84,264.99,1,204,96.961782,257.275754,12,37.68788177,0,113.7221,0.3672,98.5,274.73,SH ,26.9916617, , ,y,y, , ,y,249.56,301.01,270.14,254.7,280.43,246.98,267.57,239.27,239.27,231.55,241.84,264.99
U.S.,AA0205,Product-205,U.S.,Most Important,y,1:New Product,Freq 6/6,,foo,64.8,83,191,ForecastingWA,484,275,0,30,47,43,121,171,349,120,143,240,15552,169,250,250,250,225,225,225,173.87,155.48,155.48,150.46,157.15,172.2,1,205,148.776717,170.515201,12,87.25129263,0,100.0064,0.3976,78.5003,596.05,SH ,89.54370141, , ,y, , , , ,162.17,195.6,175.54,165.51,182.23,160.5,173.87,155.48,155.48,150.46,157.15,172.2
U.S.,AA0206,Product-206,U.S.,Most Important,y,1:New Product,Freq 6/6,,foo,64.8,700,1816,ForecastingAvg,2525,1632,1011,2296,1902,2210,2253,1804,1352,1869,1766,1854,120139.2,1873,2100,2300,2100,2100,2300,2200,1962.34,1754.78,1754.78,1698.18,1773.65,1943.47,1,206,457.304879,1886.86131,12,24.2362741,0,403.6409,0.1695,334.6656,1295.7,SH ,97.5491504, , ,y,y, , ,y,1830.26,2207.63,1981.2,1867.99,2056.68,1811.39,1962.34,1754.78,1754.78,1698.18,1773.65,1943.47
U.S.,AA0207,Product-207,U.S.,2nd Most Important,y,1:New Product,Freq 6/6,,foo,68.76,108,165,ForecastingAvg,148,204,106,158,304,221,80,140,139,251,271,108,7426.08,178,325,350,300,300,350,325,185.95,166.28,166.28,160.92,168.07,184.16,1,207,73.430817,178.796355,12,41.06952684,0,97.147,0.3247,63.8332,294.19,SH ,16.75027014, , ,y,y, ,y, ,173.43,209.19,187.74,177.01,194.89,171.64,185.95,166.28,166.28,160.92,168.07,184.16
U.S.,AA0208,Product-208,U.S.,Most Important,y,1:New Product,Freq 6/6,,foo,136.84,45,409,ForecastingAvg,501,461,454,481,422,500,539,430,402,353,312,416,56925.44,439,450,525,450,450,525,450,457.4,409.02,409.02,395.82,413.42,453,1,208,61.354964,439.804523,12,13.95050774,0,71.4823,0.1414,62.1665,173.84,SH ,8.0055662, , ,y, , ,y, ,426.61,514.57,461.79,435.41,479.39,422.21,457.4,409.02,409.02,395.82,413.42,453
U.S.,AA0209,Product-209,U.S.,Most Important,y,1:New Product,Freq 6/6,,foo,136.84,8,66,ForecastingLR,78,71,82,75,77,76,86,64,63,55,57,68,9305.12,71,80,90,80,80,90,80,59.29,51.98,50.94,48.29,49.39,52.97,1,209,8.072758,70.981507,12,11.37304397,0,15.4854,0.1993,14.4986,25.73,SH ,0.79022695, , ,y, , ,y, ,61.81,73.24,64.56,59.76,64.58,55.8,59.29,51.98,50.94,48.29,49.39,52.97
U.S.,AA0210,Product-210,U.S.,2nd Most Important,y,1:New Product,Freq 6/6,,foo,169.04,10,7,ForecastingAvg,5,3,3,5,1,9,4,6,3,5,9,13,2197.52,6,10.43,11.93,12.65,12.67,12.4,12,11.79,11.53,11.43,11.88,13.07,13.58,1,210,3.410587,5.599481,12,60.90898424,0,3.25,0.4394,2.7996,10.04,SH ,1.0044871, , ,y, , ,y, ,5.43,6.55,5.88,5.54,6.1,5.38,5.82,5.21,5.21,5.04,5.26,5.77
U.S.,AA0211,Product-211,U.S.,2nd Most Important,y,1:New Product,Freq 6/6,,foo,169.04,10,3,ForecastingWA,3,2,4,5,3,3,1,1,1,7,1,8,1352.32,3,4.97,5.58,5.75,5.72,5.69,5.49,5.46,5.31,5.28,5.42,5.83,5.68,1,211,2.460414,3.271682,12,75.20333578,0,4.151,1.1406,3.8786,10.24,SH ,1.12516204, , ,y, , ,y, ,3.46,4.18,3.75,3.53,3.89,3.43,3.71,3.32,3.32,3.21,3.35,3.68
U.S.,AA0212,Product-212,U.S.,2nd Most Important,y,2:Upturn,Freq 6/6,,foo,169.04,10,4,ForecastingAvg,3,3,3,1,2,3,2,2,1,7,2,9,1521.36,3,4.3,4.92,5.21,5.23,5.12,4.94,4.86,4.76,4.72,4.89,5.39,5.68,1,212,2.471976,3.189681,12,77.49916057,0,3.5328,0.8445,3.0028,10.29,SH ,1.27986506, , ,y, , ,y, ,3.09,3.73,3.35,3.16,3.48,3.06,3.32,2.97,2.97,2.87,3,3.29
U.S.,AA0213,Product-213,U.S.,2nd Most Important,y,2:Upturn,Freq 6/6,,foo,169.04,2,3,ForecastingAvg,4,1,3,4,2,5,2,1,1,3,1,9,1521.36,3,3.92,4.52,4.16,3.98,4.28,3.89,4.13,3.8,3.8,3.71,3.83,4.1,1,213,2.307157,3.01065,12,76.63318553,0,3.5024,0.9688,2.7537,2.16,SH ,1.28593668, , ,y, ,y, , ,2.92,3.52,3.16,2.98,3.28,2.89,3.13,2.8,2.8,2.71,2.83,3.1
U.S.,AA0214,Product-214,U.S.,2nd Most Important,y,2:Upturn,Freq 6/6,,foo,142.11,11,32,MovingAverage,27,20,33,24,18,52,44,20,34,35,17,42,5968.62,31,42.23,45.16,47.03,46.63,45.94,44.27,44.66,46.49,50.72,57.05,63.52,33.56,1,214,11.942111,30.783616,12,38.79372391,0,13.0521,0.2696,9.4561,11.19,SH ,3.21514626, , ,y, , , ,y,31.61,38.12,34.21,32.26,35.52,31.28,33.89,30.3,30.3,29.33,30.63,33.56
U.S.,AA0215,Product-215,U.S.,2nd Most Important,y,2:Upturn,Freq 6/6,,foo,136.84,29,19,MovingAverage,12,19,29,19,7,9,24,14,18,26,11,22,3010.48,18,27.34,29.39,30.4,32.9,37.04,38.45,37.81,35.64,35.06,36.09,39.52,41.38,1,215,7.010357,17.554517,12,39.93477576,0,7.5283,0.2861,5.6796,29.17,SH ,1.70124407, , ,y, , , , ,20.03,24.16,21.68,20.44,22.51,19.82,21.48,19.2,19.2,18.59,19.41,21.27
U.S.,AA0216,Product-216,U.S.,2nd Most Important,y,2:Upturn,Freq 5/6,,foo,136.84,7,5,ForecastingAvg,4,5,6,8,1,3,10,1,4,9,0,3,410.52,5,4.75,4.07,4.93,5.77,6.06,7.06,6.49,6.65,6.53,6.91,7.38,7.38,1,216,3.233349,4.5,12,71.8522,0,4.7258,0.8125,4.064,7.42,SH ,2.27881991, , ,y, , , ,y,4.5,4.5,4.5,4.5,4.5,4.5,4.5,4.5,4.5,4.5,4.5,4.5
U.S.,AA0217,Product-217,U.S.,2nd Most Important,y,2:Upturn,Freq 6/6,,foo,136.84,15,6,MovingAverage,4,4,5,4,2,3,10,3,4,13,6,1,136.84,5,8.32,8.64,9.31,10.4,11.76,12.61,12.18,11.6,11.37,11.83,13.07,13.72,1,217,3.693438,5.020437,12,73.56805792,0,5.8203,0.8054,5.3065,15.37,SH ,1.56199289, , ,y, , , , ,7.05,8.5,7.63,7.19,7.92,6.98,7.56,6.76,6.76,6.54,6.83,7.48
U.S.,AA0218,Product-218,U.S.,2nd Most Important,y,2:Upturn,Freq 5/6,,foo,136.84,7,4,ForecastingAvg,6,4,5,4,4,3,9,1,2,9,0,1,136.84,4,3.5,2.89,3.57,4.21,4.35,5.14,4.69,4.88,4.8,5.08,5.4,5,1,218,2.923261,4,12,73.081525,0,4.9933,1.0304,4.5628,6.7,SH ,2.57029539, , ,y, , , ,y,4,4,4,4,4,4,4,4,4,4,4,4
U.S.,AA0219,Product-219,U.S.,2nd Most Important,y,2:Upturn,Freq 6/6,,foo,315.79,11,30,MovingAverage,10,10,11,13,33,18,44,26,15,35,21,38,12000.02,23,41.21,44.45,45.36,46.05,47.32,47.98,52.13,55.65,58.78,60.74,64.23,67.17,1,219,12.006262,23.000438,12,52.20014506,0,11.8835,0.3104,9.3009,11.25,SH ,3.33188585, , ,y, , , , ,31.73,38.27,34.34,32.38,35.65,31.4,34.02,30.42,30.42,29.44,30.75,33.69
U.S.,AA0220,Product-220,U.S.,2nd Most Important,y,2:Upturn,Freq 6/6,,foo,196.84,27,25,MovingAverage,7,12,17,9,26,16,27,14,18,27,28,37,7283.08,20,30,35,35,35,40,40,36.73,37.96,37.7,37.67,37.46,39.86,1,220,9.182651,19.946156,12,46.03719634,0,6.0139,0.2222,5.4996,27.02,SH ,2.55428924, , ,y, , , , ,30.95,37.33,33.5,31.58,34.77,30.63,33.18,29.67,29.67,28.71,29.99,32.86
U.S.,AA0221,Product-221,U.S.,2nd Most Important,y,1:New Product,Freq 6/6,,foo,184.8,9,60,ForecastingLR,25,16,22,19,32,66,36,53,61,64,61,84,15523.2,45,90,120,110,110,130,130,120.66,125.75,131,134.54,138.13,156.97,1,221,24.271863,46.037889,12,52.72149425,0,15.117,0.1767,10.8783,68.77,SH ,5.58982723, , ,y, , , , ,82.28,106.22,101.59,101.69,118.47,110.07,125.44,117.72,123.27,124.67,135.82,154.97
U.S.,AA0222,Product-222,U.S.,2nd Most Important,y,1:New Product,Freq 6/6,,foo,108.15,4,7,ForecastingWA,2,2,13,2,5,12,8,4,10,3,1,14,1514.1,6,7.61,7.79,7.27,7.08,7.43,7.78,8.93,9.74,10.34,10.34,10.16,10.78,1,222,4.77538,6.33292,12,75.40565805,0,6.0637,0.7098,5.616,4.48,SH ,3.06481512, , ,y, , , ,y,6.74,8.13,7.29,6.88,7.57,6.67,7.22,6.46,6.46,6.25,6.53,7.15
U.S.,AA0223,Product-223,U.S.,2nd Most Important,y,1:New Product,Freq 5/6,,foo,108.15,7,4,ForecastingAvg,0,2,2,0,1,6,7,3,9,4,0,1,108.15,3,6,6,8,8,10,10,5.42,6.71,7.24,7.41,7.04,6.92,1,223,2.998737,2.916667,12,102.8138283,0,6.2842,0.8267,5.1665,6.88,SH ,1.35225775, , ,y, , ,y, ,2.92,2.92,2.92,2.92,2.92,2.92,2.92,2.92,2.92,2.92,2.92,2.92
U.S.,AA0224,Product-224,U.S.,2nd Most Important,y,1:New Product,Freq 5/6,,foo,108.15,7,4,ForecastingAvg,0,2,3,0,1,6,6,2,5,10,0,1,108.15,3,6,6,8,8,10,10,4.08,5.63,6.19,6.4,5.94,6,1,224,3.133398,3,12,104.4466,0,5.6713,0.7396,4.499,7.19,SH ,1.47570266, , ,y, , ,y, ,3,3,3,3,3,3,3,3,3,3,3,3
U.S.,AA0225,Product-225,U.S.,2nd Most Important,y,2:Upturn,Freq 6/6,,foo,108.15,11,5,ForecastingAvg,1,2,3,3,3,6,7,3,9,5,2,3,324.45,4,6,6,8,8,10,10,5.73,6.98,7.6,7.71,7.38,8.11,1,225,2.52845,3.988325,12,63.39628792,0,4.8829,0.6331,4.1681,10.73,SH ,0.96123461, , ,y, , ,y, ,3.87,4.67,4.19,3.95,4.35,3.83,4.15,3.71,3.71,3.59,3.75,4.11
U.S.,AA0226,Product-226,U.S.,2nd Most Important,y,2:Upturn,Freq 6/6,,foo,131.58,6,14,MovingAverage,10,5,10,20,5,11,26,13,7,12,6,22,2894.76,12,17.53,19.53,20.93,23.18,25.95,27.25,28.8,29.74,30.52,30.85,32.07,33.1,1,226,6.767316,12.327918,12,54.89423275,0,10.2932,0.6403,9.7356,6.34,SH ,2.37416723, , ,y, , , , ,13.28,16.02,14.38,13.55,14.92,13.14,14.24,12.73,12.73,12.32,12.87,14.1
U.S.,AA0227,Product-227,U.S.,2nd Most Important,y,2:Upturn,Freq 6/6,,foo,196.84,27,226,ForecastingLR,63,62,115,80,103,142,162,163,247,222,199,365,71846.6,160,270,350,320,320,370,350,476.51,448.05,469.99,476.05,519.38,593.41,1,227,91.934808,163.337587,12,56.28515132,0,54.7037,0.208,43.6858,260.48,SH ,27.29445122, , ,y, , , ,y,307.16,398.09,382.03,383.55,448,417.21,476.51,448.05,469.99,476.05,519.38,593.41
U.S.,AA0228,Product-228,U.S.,Normal,n,4:Decline,Freq 6/6,T3,foo,6.93,0,10,MovingAverage,15,17,18,3,13,3,28,1,10,2,16,3,20.79,11,9.85,11.88,10.66,10.05,11.06,9.75,10.56,9.44,9.44,9.14,9.54,10.46,1,228,8.115378,10.510479,12,77.21225645,0,9.8634,0.8191,8.5556,0,SH ,6.197941, ,y, , , , , ,9.85,11.88,10.66,10.05,11.06,9.75,10.56,9.44,9.44,9.14,9.54,10.46
U.S.,AA0229,Product-229,U.S.,Normal,n,4:Decline,Freq 6/6,T1,foo,17.64,0,7,SameAsLastYear,17,3,6,8,12,12,7,12,3,5,6,8,141.12,8,6.88,8.3,7.45,7.02,7.73,6.81,7.38,6.6,6.6,6.38,6.67,7.31,1,229,3.230085,7.094221,6,45.53121477,0,3.8236,0.5111,3.3367,0,SH ,1.40498012, ,y, , , ,y, ,6.88,8.3,7.45,7.02,7.73,6.81,7.38,6.6,6.6,6.38,6.67,7.31
U.S.,AA0230,Product-230,U.S.,Normal,n,4:Decline,Freq 5/6,T4,foo,3.36,3,2,MovingAverage,3,0,3,0,1,0,2,2,1,1,3,2,6.72,2,1.84,2.22,1.99,1.88,2.07,1.82,1.97,1.77,1.77,1.71,1.78,1.96,1,230,1.185236,1.521716,12,77.88812104,0,0.9501,0.4954,0.75,3.23,SH ,0.70674219, ,y, , , , ,y,1.84,2.22,1.99,1.88,2.07,1.82,1.97,1.77,1.77,1.71,1.78,1.96
U.S.,AA0231,Product-231,U.S.,Normal,n,4:Decline,Freq 5/6,T4,foo,2.96,3,2,MovingAverage,2,1,2,1,1,0,1,1,2,4,1,0,0,1,1.57,1.89,1.7,1.6,1.76,1.55,1.68,1.5,1.5,1.45,1.52,1.66,1,231,1.544208,1.615937,6,95.56115121,0,2.0168,1.203,1.5093,2.59,SLP,1.40972478, ,y, , , , , ,1.57,1.89,1.7,1.6,1.76,1.55,1.68,1.5,1.5,1.45,1.52,1.66
U.S.,AA0232,Product-232,U.S.,Normal,n,4:Decline,Freq 1/6,,foo,0.2,0,0,MovingAverage,2,1,1,0,0,0,0,1,0,0,0,0,0,0,0.17,0.21,0.19,0.18,0.2,0.17,0.19,0.17,0.17,0.16,0.17,0.18,1,232,0.438977,0.179211,6,244.9498078,0,0.6787,1.3636,0.4167,0,SLP,1.02722408, ,y, , , , , ,0.17,0.21,0.19,0.18,0.2,0.17,0.19,0.17,0.17,0.16,0.17,0.18
U.S.,AA0233,Product-233,U.S.,Normal,n,4:Decline,Freq 5/6,,foo,21.42,3,2,MovingAverage,9,1,2,0,3,3,3,0,4,2,1,2,42.84,3,2.01,2.42,2.17,2.05,2.26,1.99,2.15,1.92,1.92,1.86,1.94,2.13,1,233,1.481768,2.068915,6,71.6205354,0,1.354,0.4675,1,3.4,SH ,1.01382896, ,y, , , , , ,2.01,2.42,2.17,2.05,2.26,1.99,2.15,1.92,1.92,1.86,1.94,2.13
U.S.,AA0234,Product-234,U.S.,Normal,n,4:Decline,Freq 3/6,T2,foo,17.91,0,0,MovingAverage,2,0,0,0,1,1,0,0,1,1,0,0,0,1,0.35,0.43,0.38,0.36,0.4,0.35,0.38,0.34,0.34,0.33,0.34,0.38,1,234,0.564635,0.364397,6,154.9505073,0,0.6989,1.5714,0.6111,0,SLP,0.83581142, ,y, , , , , ,0.35,0.43,0.38,0.36,0.4,0.35,0.38,0.34,0.34,0.33,0.34,0.38
U.S.,AA0235,Product-235,U.S.,Normal,n,4:Decline,Freq 3/6,,foo,22.18,0,0,MovingAverage,1,1,1,0,1,1,0,1,1,0,0,0,0,1,0.35,0.42,0.38,0.35,0.39,0.34,0.37,0.33,0.33,0.32,0.34,0.37,1,235,0.555266,0.358423,6,154.9191877,0,0.5794,1.44,0.5,0,SLP,0.82177591, ,y, , , , , ,0.35,0.42,0.38,0.35,0.39,0.34,0.37,0.33,0.33,0.32,0.34,0.37
U.S.,AA0236,Product-236,U.S.,Normal,n,4:Decline,Freq 5/6,,foo,17.98,2,1,MovingAverage,3,3,4,0,1,3,1,2,1,0,1,3,53.94,2,1.32,1.59,1.43,1.35,1.48,1.31,1.42,1.27,1.27,1.22,1.28,1.4,1,236,1.021052,1.360633,6,75.04242511,0,0.8036,0.4706,0.6667,2.44,SLP,0.73198443, ,y, , , , , ,1.32,1.59,1.43,1.35,1.48,1.31,1.42,1.27,1.27,1.22,1.28,1.4
U.S.,AA0237,Product-237,U.S.,Normal,n,4:Decline,Freq 3/6,,foo,3.22,0,1,MovingAverage,0,0,0,0,4,4,0,3,1,0,0,3,9.66,1,1.17,1.41,1.26,1.19,1.31,1.15,1.25,1.12,1.12,1.08,1.13,1.24,1,237,1.508144,1.202283,6,125.440017,0,1.4641,1.4098,1.1944,0,SLP,1.80728229, ,y, , , , ,y,1.17,1.41,1.26,1.19,1.31,1.15,1.25,1.12,1.12,1.08,1.13,1.24
U.S.,AA0238,Product-238,U.S.,Normal,n,4:Decline,Freq 6/6,T1,foo,18.73,27,32,MovingAverage,7,6,10,8,15,38,40,19,52,13,47,21,393.33,23,32.27,38.93,34.94,32.94,36.27,31.94,34.6,30.94,30.94,29.95,31.28,34.27,1,238,17.753551,23.577711,12,75.29802617,58,25.6998,0.8324,20.2337,26.74,SH ,9.0495, ,y, , , , ,y,32.27,38.93,34.94,32.94,36.27,31.94,34.6,30.94,30.94,29.95,31.28,34.27
U.S.,AA0239,Product-239,U.S.,Normal,n,2:Upturn,Freq 6/6,,foo,41.13,2,4,MovingAverage,13,10,4,1,3,10,4,3,6,5,2,1,41.13,5,2.8,3.38,3.03,2.86,3.14,2.77,3,2.68,2.68,2.6,2.71,2.97,1,239,2.058202,3.696277,6,55.68311033,0,2.7518,0.5881,2.505,1.93,SH ,1.40288767, , , , , , ,y,2.8,3.38,3.03,2.86,3.14,2.77,3,2.68,2.68,2.6,2.71,2.97
U.S.,AA0240,Product-240,U.S.,Normal,n,4:Decline,Freq 6/6,T4,foo,4.71,0,3,MovingAverage,2,5,4,1,7,12,6,3,4,1,3,2,9.42,4,3.16,3.81,3.42,3.22,3.55,3.13,3.39,3.03,3.03,2.93,3.06,3.35,1,240,3.12993,4.134789,12,75.69745397,0,2.7538,0.5844,2.5,0,SH ,2.8736421, ,y, , , ,y, ,3.16,3.81,3.42,3.22,3.55,3.13,3.39,3.03,3.03,2.93,3.06,3.35
U.S.,AA0241,Product-241,U.S.,Normal,n,4:Decline,Freq 6/6,,foo,21.81,0,3,MovingAverage,4,4,3,5,28,6,3,4,3,4,3,2,43.62,6,3.23,3.9,3.5,3.3,3.63,3.2,3.46,3.1,3.1,3,3.13,3.43,1,241,6.423884,5.614785,12,114.4101511,0,4.4389,0.8063,4.2778,0,SH ,11.83310385, ,y, , , , ,y,3.23,3.9,3.5,3.3,3.63,3.2,3.46,3.1,3.1,3,3.13,3.43
U.S.,AA0242,Product-242,U.S.,Normal,n,4:Decline,Freq 6/6,T4,foo,2.41,10,5,MovingAverage,6,20,2,2,11,2,10,2,6,2,6,5,12.05,6,5.12,6.18,5.54,5.23,5.75,5.07,5.49,4.91,4.91,4.75,4.96,5.44,1,242,2.853401,5.279518,6,54.04661941,0,3.0558,0.4261,2.3611,10.48,SH ,1.47325661, ,y, , , , , ,5.12,6.18,5.54,5.23,5.75,5.07,5.49,4.91,4.91,4.75,4.96,5.44
U.S.,AA0243,Product-243,U.S.,Normal,n,4:Decline,Freq 6/6,T1,foo,7.28,15,16,MovingAverage,19,38,10,17,14,8,14,26,10,19,1,25,182,17,15.94,19.23,17.26,16.27,17.92,15.78,17.09,15.29,15.29,14.79,15.45,16.93,1,243,8.982149,16.54643,12,54.28451334,0,8.9711,0.5125,8,0,SH ,4.68924104, ,y, , , , , ,15.94,19.23,17.26,16.27,17.92,15.78,17.09,15.29,15.29,14.79,15.45,16.93
U.S.,AA0244,Product-244,U.S.,Normal,n,4:Decline,Freq 4/6,T2,foo,25.72,6,2,MovingAverage,3,0,6,3,4,2,1,2,0,4,0,6,154.32,3,2.16,2.61,2.34,2.21,2.43,2.14,2.32,2.07,2.07,2.01,2.1,2.3,1,244,2.424485,2.230294,6,108.7069687,0,2.4817,0.9699,2.3586,5.56,SH ,2.51781532, ,y, , , , , ,2.16,2.61,2.34,2.21,2.43,2.14,2.32,2.07,2.07,2.01,2.1,2.3
U.S.,AA0245,Product-245,U.S.,Normal,n,4:Decline,Freq 5/6,T4,foo,2.01,97,44,MovingAverage,0,0,0,14,25,0,23,127,31,5,80,0,0,25,45.7,55.12,49.47,46.64,51.35,45.23,49,43.81,43.81,42.4,44.28,48.52,1,245,42.349998,26.645583,12,158.938155,0,56.0682,1.1823,42.4167,97.12,SH ,36.36851989, ,y, , , , ,y,45.7,55.12,49.47,46.64,51.35,45.23,49,43.81,43.81,42.4,44.28,48.52
